MESA,TOTALMESAS,ELECTORES,EMITIDOS,PORCENTAJE,COLEGIO,COMUNA,CIRCUNSCRIPCION,APRUEBO,RECHAZO
18M,1,344,174,50.58,ANEXO DE COLEGIO SAN ANTONIO DE MATILLA,ALTO HOSPICIO,ALTO HOSPICIO,139,34
19M,1,343,189,55.1,ANEXO DE COLEGIO SAN ANTONIO DE MATILLA,ALTO HOSPICIO,ALTO HOSPICIO,157,30
20M,1,337,178,52.82,ANEXO DE COLEGIO SAN ANTONIO DE MATILLA,ALTO HOSPICIO,ALTO HOSPICIO,148,28
21M,1,343,181,52.77,ANEXO DE COLEGIO SAN ANTONIO DE MATILLA,ALTO HOSPICIO,ALTO HOSPICIO,148,32
22M,1,339,183,53.98,ANEXO DE COLEGIO SAN ANTONIO DE MATILLA,ALTO HOSPICIO,ALTO HOSPICIO,154,29
23M,1,342,174,50.88,ANEXO DE COLEGIO SAN ANTONIO DE MATILLA,ALTO HOSPICIO,ALTO HOSPICIO,143,31
24M,1,341,166,48.68,ANEXO DE COLEGIO SAN ANTONIO DE MATILLA,ALTO HOSPICIO,ALTO HOSPICIO,133,31
25M,1,342,193,56.43,ANEXO DE COLEGIO SAN ANTONIO DE MATILLA,ALTO HOSPICIO,ALTO HOSPICIO,152,41
26M,1,339,179,52.8,ANEXO DE COLEGIO SAN ANTONIO DE MATILLA,ALTO HOSPICIO,ALTO HOSPICIO,135,43
27M,1,332,165,49.7,ANEXO DE COLEGIO SAN ANTONIO DE MATILLA,ALTO HOSPICIO,ALTO HOSPICIO,137,28
27V,1,341,160,46.92,COLEGIO MARISTA HERMANO FERNANDO,ALTO HOSPICIO,ALTO HOSPICIO,127,32
28V,1,344,168,48.84,COLEGIO MARISTA HERMANO FERNANDO,ALTO HOSPICIO,ALTO HOSPICIO,136,30
29V,1,341,167,48.97,COLEGIO MARISTA HERMANO FERNANDO,ALTO HOSPICIO,ALTO HOSPICIO,136,30
30V,1,342,182,53.22,COLEGIO MARISTA HERMANO FERNANDO,ALTO HOSPICIO,ALTO HOSPICIO,136,30
31V,1,333,159,47.75,COLEGIO MARISTA HERMANO FERNANDO,ALTO HOSPICIO,ALTO HOSPICIO,146,35
32V,1,341,143,41.94,COLEGIO MARISTA HERMANO FERNANDO,ALTO HOSPICIO,ALTO HOSPICIO,116,27
38,1,322,104,32.3,COLEGIO MARISTA HERMANO FERNANDO,ALTO HOSPICIO,ALTO HOSPICIO,80,24
39,1,323,97,30.03,COLEGIO MARISTA HERMANO FERNANDO,ALTO HOSPICIO,ALTO HOSPICIO,82,14
40,1,332,119,35.84,COLEGIO MARISTA HERMANO FERNANDO,ALTO HOSPICIO,ALTO HOSPICIO,99,20
41,1,335,126,37.61,COLEGIO MARISTA HERMANO FERNANDO,ALTO HOSPICIO,ALTO HOSPICIO,90,35
42,1,335,115,34.33,COLEGIO MARISTA HERMANO FERNANDO,ALTO HOSPICIO,ALTO HOSPICIO,89,26
43,1,338,111,32.84,COLEGIO MARISTA HERMANO FERNANDO,ALTO HOSPICIO,ALTO HOSPICIO,91,20
44,1,328,126,38.41,COLEGIO MARISTA HERMANO FERNANDO,ALTO HOSPICIO,ALTO HOSPICIO,105,20
45,1,338,124,36.69,COLEGIO MARISTA HERMANO FERNANDO,ALTO HOSPICIO,ALTO HOSPICIO,104,19
46,1,339,106,31.27,COLEGIO MARISTA HERMANO FERNANDO,ALTO HOSPICIO,ALTO HOSPICIO,83,22
47,1,329,117,35.56,COLEGIO MARISTA HERMANO FERNANDO,ALTO HOSPICIO,ALTO HOSPICIO,99,18
48,1,329,118,35.87,COLEGIO MARISTA HERMANO FERNANDO,ALTO HOSPICIO,ALTO HOSPICIO,93,23
49,1,339,126,37.17,COLEGIO MARISTA HERMANO FERNANDO,ALTO HOSPICIO,ALTO HOSPICIO,100,21
104,1,345,183,53.04,COLEGIO METODISTA WILLIAM TAYLOR,ALTO HOSPICIO,ALTO HOSPICIO,155,27
105,1,335,150,44.78,COLEGIO METODISTA WILLIAM TAYLOR,ALTO HOSPICIO,ALTO HOSPICIO,122,28
106,1,344,140,40.7,COLEGIO METODISTA WILLIAM TAYLOR,ALTO HOSPICIO,ALTO HOSPICIO,109,31
107,1,340,132,38.82,COLEGIO METODISTA WILLIAM TAYLOR,ALTO HOSPICIO,ALTO HOSPICIO,109,23
108,1,342,123,35.96,COLEGIO METODISTA WILLIAM TAYLOR,ALTO HOSPICIO,ALTO HOSPICIO,97,24
109,1,343,166,48.4,COLEGIO METODISTA WILLIAM TAYLOR,ALTO HOSPICIO,ALTO HOSPICIO,129,37
110,1,344,150,43.6,COLEGIO METODISTA WILLIAM TAYLOR,ALTO HOSPICIO,ALTO HOSPICIO,124,24
111,1,335,129,38.51,COLEGIO METODISTA WILLIAM TAYLOR,ALTO HOSPICIO,ALTO HOSPICIO,111,18
112,1,339,141,41.59,COLEGIO METODISTA WILLIAM TAYLOR,ALTO HOSPICIO,ALTO HOSPICIO,107,33
113,1,338,123,36.39,COLEGIO METODISTA WILLIAM TAYLOR,ALTO HOSPICIO,ALTO HOSPICIO,96,26
114,1,337,150,44.51,COLEGIO METODISTA WILLIAM TAYLOR,ALTO HOSPICIO,ALTO HOSPICIO,116,31
115,1,338,151,44.67,COLEGIO METODISTA WILLIAM TAYLOR,ALTO HOSPICIO,ALTO HOSPICIO,125,25
116,1,343,153,44.61,COLEGIO METODISTA WILLIAM TAYLOR,ALTO HOSPICIO,ALTO HOSPICIO,138,14
117,1,342,164,47.95,COLEGIO METODISTA WILLIAM TAYLOR,ALTO HOSPICIO,ALTO HOSPICIO,131,33
118,1,340,109,32.06,COLEGIO METODISTA WILLIAM TAYLOR,ALTO HOSPICIO,ALTO HOSPICIO,89,20
119,1,349,152,43.55,COLEGIO METODISTA WILLIAM TAYLOR,ALTO HOSPICIO,ALTO HOSPICIO,134,17
120,1,340,196,57.65,COLEGIO METODISTA WILLIAM TAYLOR,ALTO HOSPICIO,ALTO HOSPICIO,159,36
121,1,338,186,55.03,COLEGIO METODISTA WILLIAM TAYLOR,ALTO HOSPICIO,ALTO HOSPICIO,147,38
68,1,339,167,49.26,COLEGIO NAZARET,ALTO HOSPICIO,ALTO HOSPICIO,148,19
69,1,337,143,42.43,COLEGIO NAZARET,ALTO HOSPICIO,ALTO HOSPICIO,120,23
70,1,343,154,44.9,COLEGIO NAZARET,ALTO HOSPICIO,ALTO HOSPICIO,141,13
71,1,338,150,44.38,COLEGIO NAZARET,ALTO HOSPICIO,ALTO HOSPICIO,135,15
72,1,335,154,45.97,COLEGIO NAZARET,ALTO HOSPICIO,ALTO HOSPICIO,137,16
73,1,334,137,41.02,COLEGIO NAZARET,ALTO HOSPICIO,ALTO HOSPICIO,115,21
74,1,339,162,47.79,COLEGIO NAZARET,ALTO HOSPICIO,ALTO HOSPICIO,141,21
75,1,335,141,42.09,COLEGIO NAZARET,ALTO HOSPICIO,ALTO HOSPICIO,141,21
76,1,339,150,44.25,COLEGIO NAZARET,ALTO HOSPICIO,ALTO HOSPICIO,121,20
77,1,337,173,51.34,COLEGIO NAZARET,ALTO HOSPICIO,ALTO HOSPICIO,156,16
78,1,340,170,50.0,COLEGIO NAZARET,ALTO HOSPICIO,ALTO HOSPICIO,152,18
79,1,335,145,43.28,COLEGIO NAZARET,ALTO HOSPICIO,ALTO HOSPICIO,117,28
80,1,329,129,39.21,COLEGIO NAZARET,ALTO HOSPICIO,ALTO HOSPICIO,113,16
81,1,338,150,44.38,COLEGIO NAZARET,ALTO HOSPICIO,ALTO HOSPICIO,140,10
82,1,339,159,46.9,COLEGIO NAZARET,ALTO HOSPICIO,ALTO HOSPICIO,143,16
83,1,336,164,48.81,COLEGIO NAZARET,ALTO HOSPICIO,ALTO HOSPICIO,135,29
84,1,333,167,50.15,COLEGIO NAZARET,ALTO HOSPICIO,ALTO HOSPICIO,131,34
85,1,339,149,43.95,COLEGIO NAZARET,ALTO HOSPICIO,ALTO HOSPICIO,115,33
122,1,348,140,40.23,COLEGIO SAGRADO CORAZÓN DE JESUS,ALTO HOSPICIO,ALTO HOSPICIO,116,23
123,1,342,157,45.91,COLEGIO SAGRADO CORAZÓN DE JESUS,ALTO HOSPICIO,ALTO HOSPICIO,130,27
124,1,345,156,45.22,COLEGIO SAGRADO CORAZÓN DE JESUS,ALTO HOSPICIO,ALTO HOSPICIO,136,20
125,1,343,145,42.27,COLEGIO SAGRADO CORAZÓN DE JESUS,ALTO HOSPICIO,ALTO HOSPICIO,119,26
126,1,345,139,40.29,COLEGIO SAGRADO CORAZÓN DE JESUS,ALTO HOSPICIO,ALTO HOSPICIO,107,31
127,1,349,159,45.56,COLEGIO SAGRADO CORAZÓN DE JESUS,ALTO HOSPICIO,ALTO HOSPICIO,130,28
128,1,346,162,46.82,COLEGIO SAGRADO CORAZÓN DE JESUS,ALTO HOSPICIO,ALTO HOSPICIO,144,17
129,1,343,152,44.31,COLEGIO SAGRADO CORAZÓN DE JESUS,ALTO HOSPICIO,ALTO HOSPICIO,130,22
130,1,348,161,46.26,COLEGIO SAGRADO CORAZÓN DE JESUS,ALTO HOSPICIO,ALTO HOSPICIO,128,28
131,1,345,124,35.94,COLEGIO SAGRADO CORAZÓN DE JESUS,ALTO HOSPICIO,ALTO HOSPICIO,112,12
132,1,347,158,45.53,COLEGIO SAGRADO CORAZÓN DE JESUS,ALTO HOSPICIO,ALTO HOSPICIO,122,36
133,1,350,151,43.14,COLEGIO SAGRADO CORAZÓN DE JESUS,ALTO HOSPICIO,ALTO HOSPICIO,123,28
134,1,350,147,42.0,COLEGIO SAGRADO CORAZÓN DE JESUS,ALTO HOSPICIO,ALTO HOSPICIO,120,27
135,1,334,159,47.6,COLEGIO SAGRADO CORAZÓN DE JESUS,ALTO HOSPICIO,ALTO HOSPICIO,130,29
136,1,316,208,65.82,COLEGIO SAGRADO CORAZÓN DE JESUS,ALTO HOSPICIO,ALTO HOSPICIO,166,41
137,1,248,134,54.03,COLEGIO SAGRADO CORAZÓN DE JESUS,ALTO HOSPICIO,ALTO HOSPICIO,113,21
138,1,264,169,64.02,COLEGIO SAGRADO CORAZÓN DE JESUS,ALTO HOSPICIO,ALTO HOSPICIO,125,44
139,1,261,112,42.91,COLEGIO SAGRADO CORAZÓN DE JESUS,ALTO HOSPICIO,ALTO HOSPICIO,89,22
1M-140,1,365,174,47.67,COLEGIO SAN ANTONIO DE MATILLA,ALTO HOSPICIO,ALTO HOSPICIO,139,33
2M,1,330,155,46.97,COLEGIO SAN ANTONIO DE MATILLA,ALTO HOSPICIO,ALTO HOSPICIO,130,23
3M,1,332,156,46.99,COLEGIO SAN ANTONIO DE MATILLA,ALTO HOSPICIO,ALTO HOSPICIO,130,26
4M,1,332,159,47.89,COLEGIO SAN ANTONIO DE MATILLA,ALTO HOSPICIO,ALTO HOSPICIO,123,36
5M,1,335,159,47.46,COLEGIO SAN ANTONIO DE MATILLA,ALTO HOSPICIO,ALTO HOSPICIO,130,28
6M,1,338,162,47.93,COLEGIO SAN ANTONIO DE MATILLA,ALTO HOSPICIO,ALTO HOSPICIO,136,25
7M,1,333,157,47.15,COLEGIO SAN ANTONIO DE MATILLA,ALTO HOSPICIO,ALTO HOSPICIO,136,21
8M,1,339,162,47.79,COLEGIO SAN ANTONIO DE MATILLA,ALTO HOSPICIO,ALTO HOSPICIO,124,38
9M,1,341,149,43.7,COLEGIO SAN ANTONIO DE MATILLA,ALTO HOSPICIO,ALTO HOSPICIO,118,29
10M,1,341,164,48.09,COLEGIO SAN ANTONIO DE MATILLA,ALTO HOSPICIO,ALTO HOSPICIO,125,37
11M,1,340,177,52.06,COLEGIO SAN ANTONIO DE MATILLA,ALTO HOSPICIO,ALTO HOSPICIO,126,51
12M,1,339,181,53.39,COLEGIO SAN ANTONIO DE MATILLA,ALTO HOSPICIO,ALTO HOSPICIO,146,35
13M,1,343,189,55.1,COLEGIO SAN ANTONIO DE MATILLA,ALTO HOSPICIO,ALTO HOSPICIO,156,32
14M,1,336,172,51.19,COLEGIO SAN ANTONIO DE MATILLA,ALTO HOSPICIO,ALTO HOSPICIO,156,32
15M,1,337,177,52.52,COLEGIO SAN ANTONIO DE MATILLA,ALTO HOSPICIO,ALTO HOSPICIO,146,25
16M,1,335,185,55.22,COLEGIO SAN ANTONIO DE MATILLA,ALTO HOSPICIO,ALTO HOSPICIO,146,38
17M,1,344,184,53.49,COLEGIO SAN ANTONIO DE MATILLA,ALTO HOSPICIO,ALTO HOSPICIO,146,38
50,1,334,118,35.33,COLEGIO SIMON BOLIVAR,ALTO HOSPICIO,ALTO HOSPICIO,99,17
51,1,337,153,45.4,COLEGIO SIMON BOLIVAR,ALTO HOSPICIO,ALTO HOSPICIO,130,23
52,1,334,122,36.53,COLEGIO SIMON BOLIVAR,ALTO HOSPICIO,ALTO HOSPICIO,104,17
53,1,336,140,41.67,COLEGIO SIMON BOLIVAR,ALTO HOSPICIO,ALTO HOSPICIO,124,16
54,1,336,135,40.18,COLEGIO SIMON BOLIVAR,ALTO HOSPICIO,ALTO HOSPICIO,110,25
55,1,327,138,42.2,COLEGIO SIMON BOLIVAR,ALTO HOSPICIO,ALTO HOSPICIO,122,16
56,1,334,127,38.02,COLEGIO SIMON BOLIVAR,ALTO HOSPICIO,ALTO HOSPICIO,105,21
57,1,337,144,42.73,COLEGIO SIMON BOLIVAR,ALTO HOSPICIO,ALTO HOSPICIO,119,25
58,1,331,143,43.2,COLEGIO SIMON BOLIVAR,ALTO HOSPICIO,ALTO HOSPICIO,127,15
59,1,339,146,43.07,COLEGIO SIMON BOLIVAR,ALTO HOSPICIO,ALTO HOSPICIO,127,19
60,1,336,155,46.13,COLEGIO SIMON BOLIVAR,ALTO HOSPICIO,ALTO HOSPICIO,136,19
61,1,335,144,42.99,COLEGIO SIMON BOLIVAR,ALTO HOSPICIO,ALTO HOSPICIO,111,32
62,1,339,153,45.13,COLEGIO SIMON BOLIVAR,ALTO HOSPICIO,ALTO HOSPICIO,130,23
63,1,338,161,47.63,COLEGIO SIMON BOLIVAR,ALTO HOSPICIO,ALTO HOSPICIO,152,9
64,1,337,155,45.99,COLEGIO SIMON BOLIVAR,ALTO HOSPICIO,ALTO HOSPICIO,130,25
65,1,337,131,38.87,COLEGIO SIMON BOLIVAR,ALTO HOSPICIO,ALTO HOSPICIO,115,15
66,1,335,137,40.9,COLEGIO SIMON BOLIVAR,ALTO HOSPICIO,ALTO HOSPICIO,105,31
67,1,334,150,44.91,COLEGIO SIMON BOLIVAR,ALTO HOSPICIO,ALTO HOSPICIO,133,17
9V,1,345,171,49.57,LICEO LOS CONDORES,ALTO HOSPICIO,ALTO HOSPICIO,126,44
10V,1,343,163,47.52,LICEO LOS CONDORES,ALTO HOSPICIO,ALTO HOSPICIO,130,33
11V,1,341,183,53.67,LICEO LOS CONDORES,ALTO HOSPICIO,ALTO HOSPICIO,145,36
12V,1,343,172,50.15,LICEO LOS CONDORES,ALTO HOSPICIO,ALTO HOSPICIO,137,35
13V,1,337,171,50.74,LICEO LOS CONDORES,ALTO HOSPICIO,ALTO HOSPICIO,144,26
14V,1,344,170,49.42,LICEO LOS CONDORES,ALTO HOSPICIO,ALTO HOSPICIO,141,29
15V,1,341,160,46.92,LICEO LOS CONDORES,ALTO HOSPICIO,ALTO HOSPICIO,117,41
16V,1,342,175,51.17,LICEO LOS CONDORES,ALTO HOSPICIO,ALTO HOSPICIO,150,25
17V,1,344,193,56.1,LICEO LOS CONDORES,ALTO HOSPICIO,ALTO HOSPICIO,160,33
18V,1,344,173,50.29,LICEO LOS CONDORES,ALTO HOSPICIO,ALTO HOSPICIO,140,33
19V,1,341,190,55.72,LICEO LOS CONDORES,ALTO HOSPICIO,ALTO HOSPICIO,162,28
20V,1,341,147,43.11,LICEO LOS CONDORES,ALTO HOSPICIO,ALTO HOSPICIO,122,24
21V,1,342,151,44.15,LICEO LOS CONDORES,ALTO HOSPICIO,ALTO HOSPICIO,116,34
22V,1,341,179,52.49,LICEO LOS CONDORES,ALTO HOSPICIO,ALTO HOSPICIO,140,37
23V,1,344,160,46.51,LICEO LOS CONDORES,ALTO HOSPICIO,ALTO HOSPICIO,128,32
24V,1,345,170,49.28,LICEO LOS CONDORES,ALTO HOSPICIO,ALTO HOSPICIO,139,29
25V,1,344,165,47.97,LICEO LOS CONDORES,ALTO HOSPICIO,ALTO HOSPICIO,124,38
26V,1,342,153,44.74,LICEO LOS CONDORES,ALTO HOSPICIO,ALTO HOSPICIO,118,34
86,1,341,165,48.39,LICEO PABLO NERUDA,ALTO HOSPICIO,ALTO HOSPICIO,132,33
87,1,334,127,38.02,LICEO PABLO NERUDA,ALTO HOSPICIO,ALTO HOSPICIO,103,24
88,1,336,109,32.44,LICEO PABLO NERUDA,ALTO HOSPICIO,ALTO HOSPICIO,92,16
89,1,332,129,38.86,LICEO PABLO NERUDA,ALTO HOSPICIO,ALTO HOSPICIO,103,26
90,1,341,137,40.18,LICEO PABLO NERUDA,ALTO HOSPICIO,ALTO HOSPICIO,117,17
91,1,344,159,46.22,LICEO PABLO NERUDA,ALTO HOSPICIO,ALTO HOSPICIO,142,17
92,1,339,146,43.07,LICEO PABLO NERUDA,ALTO HOSPICIO,ALTO HOSPICIO,121,24
93,1,335,154,45.97,LICEO PABLO NERUDA,ALTO HOSPICIO,ALTO HOSPICIO,125,28
94,1,343,174,50.73,LICEO PABLO NERUDA,ALTO HOSPICIO,ALTO HOSPICIO,137,37
95,1,339,153,45.13,LICEO PABLO NERUDA,ALTO HOSPICIO,ALTO HOSPICIO,140,13
96,1,340,170,50.0,LICEO PABLO NERUDA,ALTO HOSPICIO,ALTO HOSPICIO,158,12
97,1,342,162,47.37,LICEO PABLO NERUDA,ALTO HOSPICIO,ALTO HOSPICIO,146,16
98,1,342,160,46.78,LICEO PABLO NERUDA,ALTO HOSPICIO,ALTO HOSPICIO,135,23
99,1,340,168,49.41,LICEO PABLO NERUDA,ALTO HOSPICIO,ALTO HOSPICIO,153,14
100,1,335,154,45.97,LICEO PABLO NERUDA,ALTO HOSPICIO,ALTO HOSPICIO,142,11
101,1,339,149,43.95,LICEO PABLO NERUDA,ALTO HOSPICIO,ALTO HOSPICIO,129,19
102,1,341,144,42.23,LICEO PABLO NERUDA,ALTO HOSPICIO,ALTO HOSPICIO,134,9
103,1,338,140,41.42,LICEO PABLO NERUDA,ALTO HOSPICIO,ALTO HOSPICIO,127,13
28M,1,339,168,49.56,LICEO SU SANTIDAD JUAN PABLO SEGUNDO,ALTO HOSPICIO,ALTO HOSPICIO,128,40
29M,1,336,160,47.62,LICEO SU SANTIDAD JUAN PABLO SEGUNDO,ALTO HOSPICIO,ALTO HOSPICIO,126,34
30M,1,345,161,46.67,LICEO SU SANTIDAD JUAN PABLO SEGUNDO,ALTO HOSPICIO,ALTO HOSPICIO,127,34
31M,1,342,166,48.54,LICEO SU SANTIDAD JUAN PABLO SEGUNDO,ALTO HOSPICIO,ALTO HOSPICIO,132,34
32M,1,340,163,47.94,LICEO SU SANTIDAD JUAN PABLO SEGUNDO,ALTO HOSPICIO,ALTO HOSPICIO,127,34
33M,1,341,166,48.68,LICEO SU SANTIDAD JUAN PABLO SEGUNDO,ALTO HOSPICIO,ALTO HOSPICIO,132,32
34M,1,344,178,51.74,LICEO SU SANTIDAD JUAN PABLO SEGUNDO,ALTO HOSPICIO,ALTO HOSPICIO,149,28
35M,1,343,167,48.69,LICEO SU SANTIDAD JUAN PABLO SEGUNDO,ALTO HOSPICIO,ALTO HOSPICIO,134,27
36M,1,342,171,50.0,LICEO SU SANTIDAD JUAN PABLO SEGUNDO,ALTO HOSPICIO,ALTO HOSPICIO,126,38
37M,1,331,115,34.74,LICEO SU SANTIDAD JUAN PABLO SEGUNDO,ALTO HOSPICIO,ALTO HOSPICIO,91,23
1V,1,340,125,36.76,LICEO SU SANTIDAD JUAN PABLO SEGUNDO,ALTO HOSPICIO,ALTO HOSPICIO,94,28
2V,1,342,156,45.61,LICEO SU SANTIDAD JUAN PABLO SEGUNDO,ALTO HOSPICIO,ALTO HOSPICIO,125,31
3V,1,333,138,41.44,LICEO SU SANTIDAD JUAN PABLO SEGUNDO,ALTO HOSPICIO,ALTO HOSPICIO,102,34
4V,1,342,164,47.95,LICEO SU SANTIDAD JUAN PABLO SEGUNDO,ALTO HOSPICIO,ALTO HOSPICIO,130,34
5V,1,346,147,42.49,LICEO SU SANTIDAD JUAN PABLO SEGUNDO,ALTO HOSPICIO,ALTO HOSPICIO,123,24
6V,1,341,117,34.31,LICEO SU SANTIDAD JUAN PABLO SEGUNDO,ALTO HOSPICIO,ALTO HOSPICIO,99,17
7V,1,341,153,44.87,LICEO SU SANTIDAD JUAN PABLO SEGUNDO,ALTO HOSPICIO,ALTO HOSPICIO,120,33
8V,1,341,139,40.76,LICEO SU SANTIDAD JUAN PABLO SEGUNDO,ALTO HOSPICIO,ALTO HOSPICIO,104,33
1M-4M,1,418,82,19.62,ESCUELA CAMIÑA,CAMI A,CAMI A,42,35
2M-3M,1,396,96,24.24,ESCUELA CAMIÑA,CAMI A,CAMI A,51,44
5M-6M-7M-3V,1,442,83,18.78,ESCUELA CAMIÑA,CAMI A,CAMI A,55,25
8M-1V,1,394,81,20.56,ESCUELA CAMIÑA,CAMI A,CAMI A,46,32
2V-4V-5V-10,1,436,84,19.27,ESCUELA CAMIÑA,CAMI A,CAMI A,41,43
6V-7V-8V,1,344,61,17.73,ESCUELA CAMIÑA,CAMI A,CAMI A,43,18
9V,1,119,26,21.85,ESCUELA CAMIÑA,CAMI A,CAMI A,15,10
1M-7M,1,436,99,22.71,LICEO TECNICO PROFESIONAL COLCHANE,COLCHANE,COLCHANE,25,72
2M-2V,1,432,78,18.06,LICEO TECNICO PROFESIONAL COLCHANE,COLCHANE,COLCHANE,19,56
4M-1V,1,439,101,23.01,LICEO TECNICO PROFESIONAL COLCHANE,COLCHANE,COLCHANE,24,74
5M-3V,1,438,61,13.93,LICEO TECNICO PROFESIONAL COLCHANE,COLCHANE,COLCHANE,13,45
6M-5V,1,444,66,14.86,LICEO TECNICO PROFESIONAL COLCHANE,COLCHANE,COLCHANE,13,51
6V-7V,1,391,55,14.07,LICEO TECNICO PROFESIONAL COLCHANE,COLCHANE,COLCHANE,14,35
8V-9V,1,415,64,15.42,LICEO TECNICO PROFESIONAL COLCHANE,COLCHANE,COLCHANE,23,41
1M-1V,1,115,31,26.96,ESCUELA CHIAPA,HUARA,CHIAPA,21,9
1V-19,1,434,79,18.2,GIMNASIO MUNICIPAL TECHADO DE HUARA,HUARA,HUARA,63,29
2V,1,305,29,9.51,GIMNASIO MUNICIPAL TECHADO DE HUARA,HUARA,HUARA,77,20
3V,1,289,19,6.57,GIMNASIO MUNICIPAL TECHADO DE HUARA,HUARA,HUARA,28,10
4V,1,293,28,9.56,GIMNASIO MUNICIPAL TECHADO DE HUARA,HUARA,HUARA,13,4
5V,1,285,16,5.61,GIMNASIO MUNICIPAL TECHADO DE HUARA,HUARA,HUARA,16,5
6V,1,255,17,6.67,GIMNASIO MUNICIPAL TECHADO DE HUARA,HUARA,HUARA,17,1
7V,1,252,24,9.52,GIMNASIO MUNICIPAL TECHADO DE HUARA,HUARA,HUARA,54,22
8V,1,259,23,8.88,GIMNASIO MUNICIPAL TECHADO DE HUARA,HUARA,HUARA,60,12
9V,1,240,37,15.42,GIMNASIO MUNICIPAL TECHADO DE HUARA,HUARA,HUARA,64,20
10V,1,273,34,12.45,GIMNASIO MUNICIPAL TECHADO DE HUARA,HUARA,HUARA,53,21
13V-15,1,450,90,20.0,GIMNASIO MUNICIPAL TECHADO DE HUARA,HUARA,HUARA,58,20
1M-9M,1,445,92,20.67,LICEO DE HUARA,HUARA,HUARA,63,29
2M-12V,1,445,98,22.02,LICEO DE HUARA,HUARA,HUARA,77,20
3M,1,301,38,12.62,LICEO DE HUARA,HUARA,HUARA,28,10
4M,1,297,17,5.72,LICEO DE HUARA,HUARA,HUARA,13,4
5M,1,284,21,7.39,LICEO DE HUARA,HUARA,HUARA,16,5
6M,1,298,20,6.71,LICEO DE HUARA,HUARA,HUARA,17,1
7M-18,1,430,76,17.67,LICEO DE HUARA,HUARA,HUARA,54,22
8M-16,1,445,72,16.18,LICEO DE HUARA,HUARA,HUARA,60,12
10M-11V,1,443,84,18.96,LICEO DE HUARA,HUARA,HUARA,64,20
11M-17,1,439,74,16.86,LICEO DE HUARA,HUARA,HUARA,53,21
14,1,322,1,0.31,LICEO DE HUARA,HUARA,HUARA,1,0
1,1,334,121,36.23,ESCUELA PISAGUA,HUARA,PISAGUA,104,16
1,1,281,98,34.88,ESCUELA BASICA FRONTERIZA,HUARA,SAN LORENZO DE TARAPACA,70,28
2,1,276,102,36.96,ESCUELA BASICA FRONTERIZA,HUARA,SAN LORENZO DE TARAPACA,71,30
3,1,277,99,35.74,ESCUELA BASICA FRONTERIZA,HUARA,SAN LORENZO DE TARAPACA,63,34
4,1,274,89,32.48,ESCUELA BASICA FRONTERIZA,HUARA,SAN LORENZO DE TARAPACA,68,18
1-2,1,415,200,48.19,ESCUELA BASICA DE CHANAVAYITA,IQUIQUE,CHANAVAYITA,174,25
121V,1,250,108,43.2,CASA DEL DEPORTISTA,IQUIQUE,IQUIQUE,110,48
122V,1,256,113,44.14,CASA DEL DEPORTISTA,IQUIQUE,IQUIQUE,58,21
123V,1,251,133,52.99,CASA DEL DEPORTISTA,IQUIQUE,IQUIQUE,50,20
124V,1,259,137,52.9,CASA DEL DEPORTISTA,IQUIQUE,IQUIQUE,13,64
125V,1,269,123,45.72,CASA DEL DEPORTISTA,IQUIQUE,IQUIQUE,58,23
126V,1,259,124,47.88,CASA DEL DEPORTISTA,IQUIQUE,IQUIQUE,69,21
127V,1,260,127,48.85,CASA DEL DEPORTISTA,IQUIQUE,IQUIQUE,69,21
128V,1,246,134,54.47,CASA DEL DEPORTISTA,IQUIQUE,IQUIQUE,69,20
129V,1,250,131,52.4,CASA DEL DEPORTISTA,IQUIQUE,IQUIQUE,68,25
130V,1,242,111,45.87,CASA DEL DEPORTISTA,IQUIQUE,IQUIQUE,127,51
131V,1,261,128,49.04,CASA DEL DEPORTISTA,IQUIQUE,IQUIQUE,66,22
132V,1,262,138,52.67,CASA DEL DEPORTISTA,IQUIQUE,IQUIQUE,76,32
133V,1,238,97,40.76,CASA DEL DEPORTISTA,IQUIQUE,IQUIQUE,73,27
134V,1,231,109,47.19,CASA DEL DEPORTISTA,IQUIQUE,IQUIQUE,82,25
135V,1,262,136,51.91,CASA DEL DEPORTISTA,IQUIQUE,IQUIQUE,69,24
136V,1,252,126,50.0,CASA DEL DEPORTISTA,IQUIQUE,IQUIQUE,65,23
137V,1,255,124,48.63,CASA DEL DEPORTISTA,IQUIQUE,IQUIQUE,80,22
138V,1,253,118,46.64,CASA DEL DEPORTISTA,IQUIQUE,IQUIQUE,97,22
139V,1,254,107,42.13,CASA DEL DEPORTISTA,IQUIQUE,IQUIQUE,69,31
140V,1,250,71,28.4,CASA DEL DEPORTISTA,IQUIQUE,IQUIQUE,85,25
158M,1,247,127,51.42,COLEGIO ACADEMIA TARAPACA,IQUIQUE,IQUIQUE,100,26
159M,1,248,128,51.61,COLEGIO ACADEMIA TARAPACA,IQUIQUE,IQUIQUE,104,23
160M,1,243,131,53.91,COLEGIO ACADEMIA TARAPACA,IQUIQUE,IQUIQUE,98,33
161M,1,235,129,54.89,COLEGIO ACADEMIA TARAPACA,IQUIQUE,IQUIQUE,109,20
162M,1,239,110,46.03,COLEGIO ACADEMIA TARAPACA,IQUIQUE,IQUIQUE,89,21
163M,1,251,122,48.61,COLEGIO ACADEMIA TARAPACA,IQUIQUE,IQUIQUE,104,18
164M-230V,1,448,219,48.88,COLEGIO ACADEMIA TARAPACA,IQUIQUE,IQUIQUE,168,50
165M,1,239,111,46.44,COLEGIO ACADEMIA TARAPACA,IQUIQUE,IQUIQUE,98,12
166M,1,240,108,45.0,COLEGIO ACADEMIA TARAPACA,IQUIQUE,IQUIQUE,88,20
167M-239,1,450,231,51.33,COLEGIO ACADEMIA TARAPACA,IQUIQUE,IQUIQUE,173,58
168M,1,237,118,49.79,COLEGIO ACADEMIA TARAPACA,IQUIQUE,IQUIQUE,98,20
169M,1,252,137,54.37,COLEGIO ACADEMIA TARAPACA,IQUIQUE,IQUIQUE,107,28
170M,1,248,123,49.6,COLEGIO ACADEMIA TARAPACA,IQUIQUE,IQUIQUE,101,21
171M,1,249,133,53.41,COLEGIO ACADEMIA TARAPACA,IQUIQUE,IQUIQUE,106,27
172M,1,235,111,47.23,COLEGIO ACADEMIA TARAPACA,IQUIQUE,IQUIQUE,94,17
173M-262,1,448,194,43.3,COLEGIO ACADEMIA TARAPACA,IQUIQUE,IQUIQUE,142,52
174M,1,248,107,43.15,COLEGIO ACADEMIA TARAPACA,IQUIQUE,IQUIQUE,78,28
175M,1,248,111,44.76,COLEGIO ACADEMIA TARAPACA,IQUIQUE,IQUIQUE,91,20
176M,1,242,104,42.98,COLEGIO ACADEMIA TARAPACA,IQUIQUE,IQUIQUE,81,23
177M,1,242,118,48.76,COLEGIO ACADEMIA TARAPACA,IQUIQUE,IQUIQUE,92,25
98M,1,277,124,44.77,COLEGIO DIOCESANO OBISPO LABBE,IQUIQUE,IQUIQUE,107,15
99M,1,262,111,42.37,COLEGIO DIOCESANO OBISPO LABBE,IQUIQUE,IQUIQUE,78,33
100M,1,249,102,40.96,COLEGIO DIOCESANO OBISPO LABBE,IQUIQUE,IQUIQUE,91,10
101M,1,249,119,47.79,COLEGIO DIOCESANO OBISPO LABBE,IQUIQUE,IQUIQUE,95,23
102M,1,260,120,46.15,COLEGIO DIOCESANO OBISPO LABBE,IQUIQUE,IQUIQUE,97,23
103M,1,268,122,45.52,COLEGIO DIOCESANO OBISPO LABBE,IQUIQUE,IQUIQUE,99,23
104M,1,260,137,52.69,COLEGIO DIOCESANO OBISPO LABBE,IQUIQUE,IQUIQUE,104,28
105M,1,260,116,44.62,COLEGIO DIOCESANO OBISPO LABBE,IQUIQUE,IQUIQUE,99,17
106M,1,255,109,42.75,COLEGIO DIOCESANO OBISPO LABBE,IQUIQUE,IQUIQUE,84,25
107M,1,270,121,44.81,COLEGIO DIOCESANO OBISPO LABBE,IQUIQUE,IQUIQUE,96,25
108M,1,279,124,44.44,COLEGIO DIOCESANO OBISPO LABBE,IQUIQUE,IQUIQUE,96,28
109M,1,252,118,46.83,COLEGIO DIOCESANO OBISPO LABBE,IQUIQUE,IQUIQUE,95,20
110M,1,275,133,48.36,COLEGIO DIOCESANO OBISPO LABBE,IQUIQUE,IQUIQUE,108,24
111M,1,262,132,50.38,COLEGIO DIOCESANO OBISPO LABBE,IQUIQUE,IQUIQUE,105,26
112M,1,244,106,43.44,COLEGIO DIOCESANO OBISPO LABBE,IQUIQUE,IQUIQUE,85,21
113M,1,264,113,42.8,COLEGIO DIOCESANO OBISPO LABBE,IQUIQUE,IQUIQUE,84,28
114M,1,241,102,42.32,COLEGIO DIOCESANO OBISPO LABBE,IQUIQUE,IQUIQUE,74,28
115M,1,263,123,46.77,COLEGIO DIOCESANO OBISPO LABBE,IQUIQUE,IQUIQUE,102,21
116M,1,265,127,47.92,COLEGIO DIOCESANO OBISPO LABBE,IQUIQUE,IQUIQUE,106,21
117M,1,269,144,53.53,COLEGIO DIOCESANO OBISPO LABBE,IQUIQUE,IQUIQUE,110,33
202V,1,254,120,47.24,COLEGIO INGLES,IQUIQUE,IQUIQUE,91,29
203V,1,245,125,51.02,COLEGIO INGLES,IQUIQUE,IQUIQUE,85,38
204V,1,263,139,52.85,COLEGIO INGLES,IQUIQUE,IQUIQUE,104,35
205V,1,240,121,50.42,COLEGIO INGLES,IQUIQUE,IQUIQUE,83,38
206V,1,243,138,56.79,COLEGIO INGLES,IQUIQUE,IQUIQUE,111,26
207V,1,244,114,46.72,COLEGIO INGLES,IQUIQUE,IQUIQUE,81,33
208V,1,245,130,53.06,COLEGIO INGLES,IQUIQUE,IQUIQUE,92,38
209V,1,230,120,52.17,COLEGIO INGLES,IQUIQUE,IQUIQUE,108,12
210V,1,238,126,52.94,COLEGIO INGLES,IQUIQUE,IQUIQUE,94,32
211V,1,260,123,47.31,COLEGIO INGLES,IQUIQUE,IQUIQUE,88,34
212V,1,269,118,43.87,COLEGIO INGLES,IQUIQUE,IQUIQUE,89,28
213V,1,229,107,46.72,COLEGIO INGLES,IQUIQUE,IQUIQUE,80,27
214V,1,239,134,56.07,COLEGIO INGLES,IQUIQUE,IQUIQUE,91,42
216V,1,246,138,56.1,COLEGIO INGLES,IQUIQUE,IQUIQUE,105,32
217V,1,227,120,52.86,COLEGIO INGLES,IQUIQUE,IQUIQUE,81,38
218V,1,237,136,57.38,COLEGIO INGLES,IQUIQUE,IQUIQUE,104,32
219V,1,239,116,48.54,COLEGIO INGLES,IQUIQUE,IQUIQUE,100,16
220V,1,236,111,47.03,COLEGIO INGLES,IQUIQUE,IQUIQUE,83,28
221V,1,237,124,52.32,COLEGIO INGLES,IQUIQUE,IQUIQUE,91,33
222V-228V,1,450,232,51.56,COLEGIO INGLES,IQUIQUE,IQUIQUE,152,79
50V,1,266,118,44.36,COLEGIO REPUBLICA DE CROACIA,IQUIQUE,IQUIQUE,93,25
51V,1,269,124,46.1,COLEGIO REPUBLICA DE CROACIA,IQUIQUE,IQUIQUE,102,22
52V,1,261,116,44.44,COLEGIO REPUBLICA DE CROACIA,IQUIQUE,IQUIQUE,84,31
53V,1,263,130,49.43,COLEGIO REPUBLICA DE CROACIA,IQUIQUE,IQUIQUE,100,30
54V,1,273,125,45.79,COLEGIO REPUBLICA DE CROACIA,IQUIQUE,IQUIQUE,97,26
55V,1,264,112,42.42,COLEGIO REPUBLICA DE CROACIA,IQUIQUE,IQUIQUE,93,19
56V,1,271,129,47.6,COLEGIO REPUBLICA DE CROACIA,IQUIQUE,IQUIQUE,95,34
57V,1,259,109,42.08,COLEGIO REPUBLICA DE CROACIA,IQUIQUE,IQUIQUE,84,25
58V,1,259,120,46.33,COLEGIO REPUBLICA DE CROACIA,IQUIQUE,IQUIQUE,93,24
59V,1,265,120,45.28,COLEGIO REPUBLICA DE CROACIA,IQUIQUE,IQUIQUE,93,23
60V,1,265,130,49.06,COLEGIO REPUBLICA DE CROACIA,IQUIQUE,IQUIQUE,99,28
61V,1,274,137,50.0,COLEGIO REPUBLICA DE CROACIA,IQUIQUE,IQUIQUE,110,27
62V,1,268,133,49.63,COLEGIO REPUBLICA DE CROACIA,IQUIQUE,IQUIQUE,113,20
63V,1,247,101,40.89,COLEGIO REPUBLICA DE CROACIA,IQUIQUE,IQUIQUE,78,22
64V,1,262,116,44.27,COLEGIO REPUBLICA DE CROACIA,IQUIQUE,IQUIQUE,88,28
65V,1,270,126,46.67,COLEGIO REPUBLICA DE CROACIA,IQUIQUE,IQUIQUE,103,23
66V,1,262,130,49.62,COLEGIO REPUBLICA DE CROACIA,IQUIQUE,IQUIQUE,99,37
67V,1,255,108,42.35,COLEGIO REPUBLICA DE CROACIA,IQUIQUE,IQUIQUE,84,24
68V,1,264,118,44.7,COLEGIO REPUBLICA DE CROACIA,IQUIQUE,IQUIQUE,93,24
69V,1,264,144,54.55,COLEGIO REPUBLICA DE CROACIA,IQUIQUE,IQUIQUE,118,26
86V,1,257,127,49.42,COLEGIO REPUBLICA DE ITALIA,IQUIQUE,IQUIQUE,105,22
87V,1,267,145,54.31,COLEGIO REPUBLICA DE ITALIA,IQUIQUE,IQUIQUE,116,27
88V,1,259,136,52.51,COLEGIO REPUBLICA DE ITALIA,IQUIQUE,IQUIQUE,116,20
89V,1,277,146,52.71,COLEGIO REPUBLICA DE ITALIA,IQUIQUE,IQUIQUE,122,19
90V,1,272,134,49.26,COLEGIO REPUBLICA DE ITALIA,IQUIQUE,IQUIQUE,104,27
91V,1,251,127,50.6,COLEGIO REPUBLICA DE ITALIA,IQUIQUE,IQUIQUE,100,26
92V,1,248,107,43.15,COLEGIO REPUBLICA DE ITALIA,IQUIQUE,IQUIQUE,81,25
93V,1,261,127,48.66,COLEGIO REPUBLICA DE ITALIA,IQUIQUE,IQUIQUE,98,29
94V,1,253,126,49.8,COLEGIO REPUBLICA DE ITALIA,IQUIQUE,IQUIQUE,94,32
95V,1,267,124,46.44,COLEGIO REPUBLICA DE ITALIA,IQUIQUE,IQUIQUE,106,17
96V,1,264,125,47.35,COLEGIO REPUBLICA DE ITALIA,IQUIQUE,IQUIQUE,107,18
97V,1,231,125,54.11,COLEGIO REPUBLICA DE ITALIA,IQUIQUE,IQUIQUE,101,24
98V,1,262,120,45.8,COLEGIO REPUBLICA DE ITALIA,IQUIQUE,IQUIQUE,98,18
99V,1,261,121,46.36,COLEGIO REPUBLICA DE ITALIA,IQUIQUE,IQUIQUE,96,25
100V,1,271,137,50.55,COLEGIO REPUBLICA DE ITALIA,IQUIQUE,IQUIQUE,118,17
101V,1,276,148,53.62,COLEGIO REPUBLICA DE ITALIA,IQUIQUE,IQUIQUE,119,26
102V,1,250,130,52.0,COLEGIO REPUBLICA DE ITALIA,IQUIQUE,IQUIQUE,98,32
103V,1,258,130,50.39,COLEGIO REPUBLICA DE ITALIA,IQUIQUE,IQUIQUE,109,20
104V,1,260,126,48.46,COLEGIO REPUBLICA DE ITALIA,IQUIQUE,IQUIQUE,106,20
105V,1,249,114,45.78,COLEGIO REPUBLICA DE ITALIA,IQUIQUE,IQUIQUE,96,17
161V,1,262,86,32.82,COLEGIO SALESIANO DON BOSCO IQUIQUE,IQUIQUE,IQUIQUE,56,28
162V,1,266,94,35.34,COLEGIO SALESIANO DON BOSCO IQUIQUE,IQUIQUE,IQUIQUE,72,22
163V,1,253,81,32.02,COLEGIO SALESIANO DON BOSCO IQUIQUE,IQUIQUE,IQUIQUE,50,30
164V,1,280,94,33.57,COLEGIO SALESIANO DON BOSCO IQUIQUE,IQUIQUE,IQUIQUE,66,27
165V,1,265,85,32.08,COLEGIO SALESIANO DON BOSCO IQUIQUE,IQUIQUE,IQUIQUE,63,21
166V,1,270,76,28.15,COLEGIO SALESIANO DON BOSCO IQUIQUE,IQUIQUE,IQUIQUE,52,24
167V,1,270,96,35.56,COLEGIO SALESIANO DON BOSCO IQUIQUE,IQUIQUE,IQUIQUE,62,34
168V,1,278,84,30.22,COLEGIO SALESIANO DON BOSCO IQUIQUE,IQUIQUE,IQUIQUE,69,15
169V,1,273,96,35.16,COLEGIO SALESIANO DON BOSCO IQUIQUE,IQUIQUE,IQUIQUE,73,23
170V,1,279,84,30.11,COLEGIO SALESIANO DON BOSCO IQUIQUE,IQUIQUE,IQUIQUE,55,29
171V,1,281,96,34.16,COLEGIO SALESIANO DON BOSCO IQUIQUE,IQUIQUE,IQUIQUE,67,29
172V,1,267,90,33.71,COLEGIO SALESIANO DON BOSCO IQUIQUE,IQUIQUE,IQUIQUE,65,25
173V,1,261,98,37.55,COLEGIO SALESIANO DON BOSCO IQUIQUE,IQUIQUE,IQUIQUE,65,32
174V,1,248,130,52.42,COLEGIO SALESIANO DON BOSCO IQUIQUE,IQUIQUE,IQUIQUE,94,36
175V,1,237,123,51.9,COLEGIO SALESIANO DON BOSCO IQUIQUE,IQUIQUE,IQUIQUE,86,34
176V,1,253,130,51.38,COLEGIO SALESIANO DON BOSCO IQUIQUE,IQUIQUE,IQUIQUE,96,33
177V,1,227,118,51.98,COLEGIO SALESIANO DON BOSCO IQUIQUE,IQUIQUE,IQUIQUE,86,32
178V,1,229,117,51.09,COLEGIO SALESIANO DON BOSCO IQUIQUE,IQUIQUE,IQUIQUE,97,20
180V,1,246,93,37.8,COLEGIO SALESIANO DON BOSCO IQUIQUE,IQUIQUE,IQUIQUE,65,28
181V,1,249,131,52.61,COLEGIO SALESIANO DON BOSCO IQUIQUE,IQUIQUE,IQUIQUE,96,33
141V,1,272,115,42.28,CORONA SCHOOL,IQUIQUE,IQUIQUE,99,14
142V,1,296,106,35.81,CORONA SCHOOL,IQUIQUE,IQUIQUE,80,26
143V,1,295,117,39.66,CORONA SCHOOL,IQUIQUE,IQUIQUE,85,31
144V,1,274,99,36.13,CORONA SCHOOL,IQUIQUE,IQUIQUE,66,30
145V,1,268,93,34.7,CORONA SCHOOL,IQUIQUE,IQUIQUE,69,24
146V,1,284,107,37.68,CORONA SCHOOL,IQUIQUE,IQUIQUE,86,20
147V,1,271,87,32.1,CORONA SCHOOL,IQUIQUE,IQUIQUE,60,26
148V,1,277,102,36.82,CORONA SCHOOL,IQUIQUE,IQUIQUE,73,29
149V,1,264,100,37.88,CORONA SCHOOL,IQUIQUE,IQUIQUE,77,23
150V,1,261,93,35.63,CORONA SCHOOL,IQUIQUE,IQUIQUE,78,15
151V,1,271,89,32.84,CORONA SCHOOL,IQUIQUE,IQUIQUE,69,18
152V,1,264,96,36.36,CORONA SCHOOL,IQUIQUE,IQUIQUE,72,22
153V,1,276,88,31.88,CORONA SCHOOL,IQUIQUE,IQUIQUE,57,31
154V,1,275,100,36.36,CORONA SCHOOL,IQUIQUE,IQUIQUE,67,32
155V,1,269,87,32.34,CORONA SCHOOL,IQUIQUE,IQUIQUE,68,18
156V,1,272,97,35.66,CORONA SCHOOL,IQUIQUE,IQUIQUE,64,30
157V,1,271,103,38.01,CORONA SCHOOL,IQUIQUE,IQUIQUE,69,33
158V,1,261,87,33.33,CORONA SCHOOL,IQUIQUE,IQUIQUE,65,21
159V,1,257,87,33.85,CORONA SCHOOL,IQUIQUE,IQUIQUE,65,22
160V,1,279,91,32.62,CORONA SCHOOL,IQUIQUE,IQUIQUE,67,24
61M,1,278,130,46.76,ESCUELA ALMIRANTE PATRICIO LYNCH,IQUIQUE,IQUIQUE,106,24
62M,1,263,120,45.63,ESCUELA ALMIRANTE PATRICIO LYNCH,IQUIQUE,IQUIQUE,101,19
63M,1,271,125,46.13,ESCUELA ALMIRANTE PATRICIO LYNCH,IQUIQUE,IQUIQUE,105,19
64M,1,253,115,45.45,ESCUELA ALMIRANTE PATRICIO LYNCH,IQUIQUE,IQUIQUE,89,26
65M,1,246,101,41.06,ESCUELA ALMIRANTE PATRICIO LYNCH,IQUIQUE,IQUIQUE,73,27
66M,1,270,121,44.81,ESCUELA ALMIRANTE PATRICIO LYNCH,IQUIQUE,IQUIQUE,89,30
67M,1,265,120,45.28,ESCUELA ALMIRANTE PATRICIO LYNCH,IQUIQUE,IQUIQUE,99,21
68M,1,260,122,46.92,ESCUELA ALMIRANTE PATRICIO LYNCH,IQUIQUE,IQUIQUE,109,13
69M,1,253,125,49.41,ESCUELA ALMIRANTE PATRICIO LYNCH,IQUIQUE,IQUIQUE,98,27
70M,1,244,116,47.54,ESCUELA ALMIRANTE PATRICIO LYNCH,IQUIQUE,IQUIQUE,81,34
71M,1,253,113,44.66,ESCUELA ALMIRANTE PATRICIO LYNCH,IQUIQUE,IQUIQUE,92,21
72M,1,278,133,47.84,ESCUELA ALMIRANTE PATRICIO LYNCH,IQUIQUE,IQUIQUE,91,42
73M,1,264,113,42.8,ESCUELA ALMIRANTE PATRICIO LYNCH,IQUIQUE,IQUIQUE,94,19
74M,1,282,107,37.94,ESCUELA ALMIRANTE PATRICIO LYNCH,IQUIQUE,IQUIQUE,80,26
75M,1,273,131,47.99,ESCUELA ALMIRANTE PATRICIO LYNCH,IQUIQUE,IQUIQUE,100,31
76M,1,282,133,47.16,ESCUELA ALMIRANTE PATRICIO LYNCH,IQUIQUE,IQUIQUE,97,35
77M,1,270,128,47.41,ESCUELA ALMIRANTE PATRICIO LYNCH,IQUIQUE,IQUIQUE,90,38
78M,1,264,120,45.45,ESCUELA ALMIRANTE PATRICIO LYNCH,IQUIQUE,IQUIQUE,91,29
79M,1,252,120,47.62,ESCUELA ALMIRANTE PATRICIO LYNCH,IQUIQUE,IQUIQUE,96,23
80M,1,265,124,46.79,ESCUELA ALMIRANTE PATRICIO LYNCH,IQUIQUE,IQUIQUE,94,30
223V,1,245,96,39.18,ESCUELA ARTISTICA VIOLETA PARRA,IQUIQUE,IQUIQUE,63,33
224V,1,266,112,42.11,ESCUELA ARTISTICA VIOLETA PARRA,IQUIQUE,IQUIQUE,63,33
225V,1,251,132,52.59,ESCUELA ARTISTICA VIOLETA PARRA,IQUIQUE,IQUIQUE,86,25
226V,1,245,123,50.2,ESCUELA ARTISTICA VIOLETA PARRA,IQUIQUE,IQUIQUE,96,36
229V,1,225,127,56.44,ESCUELA ARTISTICA VIOLETA PARRA,IQUIQUE,IQUIQUE,91,36
231V,1,234,115,49.15,ESCUELA ARTISTICA VIOLETA PARRA,IQUIQUE,IQUIQUE,87,27
232V,1,248,127,51.21,ESCUELA ARTISTICA VIOLETA PARRA,IQUIQUE,IQUIQUE,91,36
233V,1,242,124,51.24,ESCUELA ARTISTICA VIOLETA PARRA,IQUIQUE,IQUIQUE,88,36
234V,1,246,137,55.69,ESCUELA ARTISTICA VIOLETA PARRA,IQUIQUE,IQUIQUE,100,37
235V,1,238,129,54.2,ESCUELA ARTISTICA VIOLETA PARRA,IQUIQUE,IQUIQUE,85,43
236V,1,252,145,57.54,ESCUELA ARTISTICA VIOLETA PARRA,IQUIQUE,IQUIQUE,111,33
237V,1,233,119,51.07,ESCUELA ARTISTICA VIOLETA PARRA,IQUIQUE,IQUIQUE,94,25
238V,1,238,122,51.26,ESCUELA ARTISTICA VIOLETA PARRA,IQUIQUE,IQUIQUE,106,15
240,1,240,109,45.42,ESCUELA ARTISTICA VIOLETA PARRA,IQUIQUE,IQUIQUE,91,18
241,1,226,100,44.25,ESCUELA ARTISTICA VIOLETA PARRA,IQUIQUE,IQUIQUE,82,18
242,1,233,115,49.36,ESCUELA ARTISTICA VIOLETA PARRA,IQUIQUE,IQUIQUE,102,10
30V,1,269,140,52.04,ESCUELA CENTENARIO,IQUIQUE,IQUIQUE,106,34
31V,1,254,124,48.82,ESCUELA CENTENARIO,IQUIQUE,IQUIQUE,92,32
32V,1,249,121,48.59,ESCUELA CENTENARIO,IQUIQUE,IQUIQUE,92,28
33V,1,263,140,53.23,ESCUELA CENTENARIO,IQUIQUE,IQUIQUE,116,24
34V,1,264,132,50.0,ESCUELA CENTENARIO,IQUIQUE,IQUIQUE,103,28
35V,1,254,112,44.09,ESCUELA CENTENARIO,IQUIQUE,IQUIQUE,88,24
36V,1,254,115,45.28,ESCUELA CENTENARIO,IQUIQUE,IQUIQUE,85,27
37V,1,268,113,42.16,ESCUELA CENTENARIO,IQUIQUE,IQUIQUE,97,16
38V,1,267,129,48.31,ESCUELA CENTENARIO,IQUIQUE,IQUIQUE,103,25
39V,1,244,98,40.16,ESCUELA CENTENARIO,IQUIQUE,IQUIQUE,79,19
40V,1,259,115,44.4,ESCUELA CENTENARIO,IQUIQUE,IQUIQUE,91,24
41V,1,254,125,49.21,ESCUELA CENTENARIO,IQUIQUE,IQUIQUE,98,24
42V,1,262,137,52.29,ESCUELA CENTENARIO,IQUIQUE,IQUIQUE,108,27
43V,1,265,132,49.81,ESCUELA CENTENARIO,IQUIQUE,IQUIQUE,99,33
44V,1,239,116,48.54,ESCUELA CENTENARIO,IQUIQUE,IQUIQUE,87,28
45V,1,276,115,41.67,ESCUELA CENTENARIO,IQUIQUE,IQUIQUE,83,30
46V,1,263,117,44.49,ESCUELA CENTENARIO,IQUIQUE,IQUIQUE,86,31
47V,1,265,101,38.11,ESCUELA CENTENARIO,IQUIQUE,IQUIQUE,76,25
48V,1,255,120,47.06,ESCUELA CENTENARIO,IQUIQUE,IQUIQUE,91,26
49V,1,254,122,48.03,ESCUELA CENTENARIO,IQUIQUE,IQUIQUE,94,28
81M,1,247,115,46.56,ESCUELA EDUARDO LLANOS,IQUIQUE,IQUIQUE,93,22
82M,1,264,127,48.11,ESCUELA EDUARDO LLANOS,IQUIQUE,IQUIQUE,102,24
83M,1,274,117,42.7,ESCUELA EDUARDO LLANOS,IQUIQUE,IQUIQUE,92,25
84M,1,261,123,47.13,ESCUELA EDUARDO LLANOS,IQUIQUE,IQUIQUE,90,31
85M,1,254,124,48.82,ESCUELA EDUARDO LLANOS,IQUIQUE,IQUIQUE,99,25
86M,1,267,100,37.45,ESCUELA EDUARDO LLANOS,IQUIQUE,IQUIQUE,76,24
87M,1,271,119,43.91,ESCUELA EDUARDO LLANOS,IQUIQUE,IQUIQUE,84,34
88M,1,259,116,44.79,ESCUELA EDUARDO LLANOS,IQUIQUE,IQUIQUE,83,33
89M,1,263,121,46.01,ESCUELA EDUARDO LLANOS,IQUIQUE,IQUIQUE,88,33
90M,1,259,140,54.05,ESCUELA EDUARDO LLANOS,IQUIQUE,IQUIQUE,105,35
91M,1,261,123,47.13,ESCUELA EDUARDO LLANOS,IQUIQUE,IQUIQUE,102,21
92M,1,271,132,48.71,ESCUELA EDUARDO LLANOS,IQUIQUE,IQUIQUE,102,28
93M,1,258,123,47.67,ESCUELA EDUARDO LLANOS,IQUIQUE,IQUIQUE,94,28
94M,1,257,110,42.8,ESCUELA EDUARDO LLANOS,IQUIQUE,IQUIQUE,83,26
95M,1,269,137,50.93,ESCUELA EDUARDO LLANOS,IQUIQUE,IQUIQUE,110,27
96M,1,260,121,46.54,ESCUELA EDUARDO LLANOS,IQUIQUE,IQUIQUE,96,25
97M,1,263,127,48.29,ESCUELA EDUARDO LLANOS,IQUIQUE,IQUIQUE,98,29
106V,1,257,111,43.19,ESCUELA ESPECIAL FLOR DEL INCA,IQUIQUE,IQUIQUE,92,17
107V,1,256,110,42.97,ESCUELA ESPECIAL FLOR DEL INCA,IQUIQUE,IQUIQUE,98,12
108V,1,252,131,51.98,ESCUELA ESPECIAL FLOR DEL INCA,IQUIQUE,IQUIQUE,108,23
109V,1,258,132,51.16,ESCUELA ESPECIAL FLOR DEL INCA,IQUIQUE,IQUIQUE,111,20
110V,1,262,144,54.96,ESCUELA ESPECIAL FLOR DEL INCA,IQUIQUE,IQUIQUE,127,17
111V,1,261,128,49.04,ESCUELA ESPECIAL FLOR DEL INCA,IQUIQUE,IQUIQUE,111,17
112V,1,261,148,56.7,ESCUELA ESPECIAL FLOR DEL INCA,IQUIQUE,IQUIQUE,120,28
113V,1,260,116,44.62,ESCUELA ESPECIAL FLOR DEL INCA,IQUIQUE,IQUIQUE,91,24
114V,1,258,127,49.22,ESCUELA ESPECIAL FLOR DEL INCA,IQUIQUE,IQUIQUE,100,25
115V,1,265,126,47.55,ESCUELA ESPECIAL FLOR DEL INCA,IQUIQUE,IQUIQUE,97,29
116V,1,260,122,46.92,ESCUELA ESPECIAL FLOR DEL INCA,IQUIQUE,IQUIQUE,99,23
117V,1,263,137,52.09,ESCUELA ESPECIAL FLOR DEL INCA,IQUIQUE,IQUIQUE,114,22
118V,1,260,134,51.54,ESCUELA ESPECIAL FLOR DEL INCA,IQUIQUE,IQUIQUE,105,29
119V,1,266,129,48.5,ESCUELA ESPECIAL FLOR DEL INCA,IQUIQUE,IQUIQUE,104,24
120V,1,247,114,46.15,ESCUELA ESPECIAL FLOR DEL INCA,IQUIQUE,IQUIQUE,94,19
11V,1,261,112,42.91,ESCUELA GABRIELA MISTRAL,IQUIQUE,IQUIQUE,80,32
12V,1,265,110,41.51,ESCUELA GABRIELA MISTRAL,IQUIQUE,IQUIQUE,73,36
13V,1,262,101,38.55,ESCUELA GABRIELA MISTRAL,IQUIQUE,IQUIQUE,74,25
14V,1,267,108,40.45,ESCUELA GABRIELA MISTRAL,IQUIQUE,IQUIQUE,79,29
15V,1,257,116,45.14,ESCUELA GABRIELA MISTRAL,IQUIQUE,IQUIQUE,90,26
16V,1,267,127,47.57,ESCUELA GABRIELA MISTRAL,IQUIQUE,IQUIQUE,95,32
17V,1,264,109,41.29,ESCUELA GABRIELA MISTRAL,IQUIQUE,IQUIQUE,81,28
18V,1,265,121,45.66,ESCUELA GABRIELA MISTRAL,IQUIQUE,IQUIQUE,84,37
19V,1,241,106,43.98,ESCUELA GABRIELA MISTRAL,IQUIQUE,IQUIQUE,65,39
20V,1,257,117,45.53,ESCUELA GABRIELA MISTRAL,IQUIQUE,IQUIQUE,86,31
21V,1,272,114,41.91,ESCUELA GABRIELA MISTRAL,IQUIQUE,IQUIQUE,95,18
22V,1,277,138,49.82,ESCUELA GABRIELA MISTRAL,IQUIQUE,IQUIQUE,94,43
23V,1,257,108,42.02,ESCUELA GABRIELA MISTRAL,IQUIQUE,IQUIQUE,71,35
24V,1,257,128,49.81,ESCUELA GABRIELA MISTRAL,IQUIQUE,IQUIQUE,108,20
25V,1,260,115,44.23,ESCUELA GABRIELA MISTRAL,IQUIQUE,IQUIQUE,108,20
26V,1,254,120,47.24,ESCUELA GABRIELA MISTRAL,IQUIQUE,IQUIQUE,87,27
27V,1,270,116,42.96,ESCUELA GABRIELA MISTRAL,IQUIQUE,IQUIQUE,89,31
28V,1,255,117,45.88,ESCUELA GABRIELA MISTRAL,IQUIQUE,IQUIQUE,83,34
29V,1,263,111,42.21,ESCUELA GABRIELA MISTRAL,IQUIQUE,IQUIQUE,87,24
41M,1,270,128,47.41,ESCUELA PAULA JARAQUEMADA ALQUIZAR,IQUIQUE,IQUIQUE,99,26
42M,1,283,122,43.11,ESCUELA PAULA JARAQUEMADA ALQUIZAR,IQUIQUE,IQUIQUE,98,24
43M,1,274,115,41.97,ESCUELA PAULA JARAQUEMADA ALQUIZAR,IQUIQUE,IQUIQUE,89,25
44M,1,255,103,40.39,ESCUELA PAULA JARAQUEMADA ALQUIZAR,IQUIQUE,IQUIQUE,70,33
45M,1,253,121,47.83,ESCUELA PAULA JARAQUEMADA ALQUIZAR,IQUIQUE,IQUIQUE,93,27
46M,1,279,130,46.59,ESCUELA PAULA JARAQUEMADA ALQUIZAR,IQUIQUE,IQUIQUE,107,23
47M,1,270,117,43.33,ESCUELA PAULA JARAQUEMADA ALQUIZAR,IQUIQUE,IQUIQUE,105,12
48M,1,246,117,47.56,ESCUELA PAULA JARAQUEMADA ALQUIZAR,IQUIQUE,IQUIQUE,88,27
49M,1,267,123,46.07,ESCUELA PAULA JARAQUEMADA ALQUIZAR,IQUIQUE,IQUIQUE,97,26
50M,1,260,121,46.54,ESCUELA PAULA JARAQUEMADA ALQUIZAR,IQUIQUE,IQUIQUE,92,27
51M,1,270,134,49.63,ESCUELA PAULA JARAQUEMADA ALQUIZAR,IQUIQUE,IQUIQUE,104,30
52M,1,275,118,42.91,ESCUELA PAULA JARAQUEMADA ALQUIZAR,IQUIQUE,IQUIQUE,92,26
53M,1,260,124,47.69,ESCUELA PAULA JARAQUEMADA ALQUIZAR,IQUIQUE,IQUIQUE,95,28
54M,1,265,111,41.89,ESCUELA PAULA JARAQUEMADA ALQUIZAR,IQUIQUE,IQUIQUE,83,28
55M,1,277,127,45.85,ESCUELA PAULA JARAQUEMADA ALQUIZAR,IQUIQUE,IQUIQUE,98,26
56M,1,267,132,49.44,ESCUELA PAULA JARAQUEMADA ALQUIZAR,IQUIQUE,IQUIQUE,100,31
57M,1,264,125,47.35,ESCUELA PAULA JARAQUEMADA ALQUIZAR,IQUIQUE,IQUIQUE,93,30
58M,1,259,118,45.56,ESCUELA PAULA JARAQUEMADA ALQUIZAR,IQUIQUE,IQUIQUE,96,21
59M,1,265,109,41.13,ESCUELA PAULA JARAQUEMADA ALQUIZAR,IQUIQUE,IQUIQUE,83,26
60M,1,248,131,52.82,ESCUELA PAULA JARAQUEMADA ALQUIZAR,IQUIQUE,IQUIQUE,102,29
21M,1,265,102,38.49,ESCUELA PLACIDO VILLARROEL,IQUIQUE,IQUIQUE,77,24
22M,1,256,87,33.98,ESCUELA PLACIDO VILLARROEL,IQUIQUE,IQUIQUE,65,22
23M,1,269,109,40.52,ESCUELA PLACIDO VILLARROEL,IQUIQUE,IQUIQUE,79,29
24M,1,261,106,40.61,ESCUELA PLACIDO VILLARROEL,IQUIQUE,IQUIQUE,85,20
25M,1,271,99,36.53,ESCUELA PLACIDO VILLARROEL,IQUIQUE,IQUIQUE,70,29
26M,1,263,113,42.97,ESCUELA PLACIDO VILLARROEL,IQUIQUE,IQUIQUE,89,23
27M,1,267,97,36.33,ESCUELA PLACIDO VILLARROEL,IQUIQUE,IQUIQUE,68,26
28M,1,296,105,35.47,ESCUELA PLACIDO VILLARROEL,IQUIQUE,IQUIQUE,66,31
29M,1,261,104,39.85,ESCUELA PLACIDO VILLARROEL,IQUIQUE,IQUIQUE,84,20
30M,1,273,129,47.25,ESCUELA PLACIDO VILLARROEL,IQUIQUE,IQUIQUE,99,30
31M,1,266,104,39.1,ESCUELA PLACIDO VILLARROEL,IQUIQUE,IQUIQUE,85,18
32M,1,276,104,37.68,ESCUELA PLACIDO VILLARROEL,IQUIQUE,IQUIQUE,78,26
33M,1,265,120,45.28,ESCUELA PLACIDO VILLARROEL,IQUIQUE,IQUIQUE,92,28
34M,1,282,108,38.3,ESCUELA PLACIDO VILLARROEL,IQUIQUE,IQUIQUE,81,27
35M,1,267,98,36.7,ESCUELA PLACIDO VILLARROEL,IQUIQUE,IQUIQUE,76,22
36M,1,270,107,39.63,ESCUELA PLACIDO VILLARROEL,IQUIQUE,IQUIQUE,85,21
37M,1,269,113,42.01,ESCUELA PLACIDO VILLARROEL,IQUIQUE,IQUIQUE,83,28
38M,1,276,101,36.59,ESCUELA PLACIDO VILLARROEL,IQUIQUE,IQUIQUE,71,27
39M,1,268,131,48.88,ESCUELA PLACIDO VILLARROEL,IQUIQUE,IQUIQUE,98,32
40M,1,272,122,44.85,ESCUELA PLACIDO VILLARROEL,IQUIQUE,IQUIQUE,91,29
178M,1,255,139,54.51,INSTITUTO COMERCIAL DE IQUIQUE BALDOMERO WOLNITZKY,IQUIQUE,IQUIQUE,112,26
179M,1,256,137,53.52,INSTITUTO COMERCIAL DE IQUIQUE BALDOMERO WOLNITZKY,IQUIQUE,IQUIQUE,110,27
180M,1,246,132,53.66,INSTITUTO COMERCIAL DE IQUIQUE BALDOMERO WOLNITZKY,IQUIQUE,IQUIQUE,95,35
181M,1,242,104,42.98,INSTITUTO COMERCIAL DE IQUIQUE BALDOMERO WOLNITZKY,IQUIQUE,IQUIQUE,82,22
182M,1,243,116,47.74,INSTITUTO COMERCIAL DE IQUIQUE BALDOMERO WOLNITZKY,IQUIQUE,IQUIQUE,100,16
184M,1,235,128,54.47,INSTITUTO COMERCIAL DE IQUIQUE BALDOMERO WOLNITZKY,IQUIQUE,IQUIQUE,100,27
185M,1,240,141,58.75,INSTITUTO COMERCIAL DE IQUIQUE BALDOMERO WOLNITZKY,IQUIQUE,IQUIQUE,105,36
186M,1,238,129,54.2,INSTITUTO COMERCIAL DE IQUIQUE BALDOMERO WOLNITZKY,IQUIQUE,IQUIQUE,103,26
187M,1,230,123,53.48,INSTITUTO COMERCIAL DE IQUIQUE BALDOMERO WOLNITZKY,IQUIQUE,IQUIQUE,92,31
188M,1,230,117,50.87,INSTITUTO COMERCIAL DE IQUIQUE BALDOMERO WOLNITZKY,IQUIQUE,IQUIQUE,90,27
189M,1,245,125,51.02,INSTITUTO COMERCIAL DE IQUIQUE BALDOMERO WOLNITZKY,IQUIQUE,IQUIQUE,91,31
190M,1,233,118,50.64,INSTITUTO COMERCIAL DE IQUIQUE BALDOMERO WOLNITZKY,IQUIQUE,IQUIQUE,90,27
191M,1,236,108,45.76,INSTITUTO COMERCIAL DE IQUIQUE BALDOMERO WOLNITZKY,IQUIQUE,IQUIQUE,83,25
192M,1,254,135,53.15,INSTITUTO COMERCIAL DE IQUIQUE BALDOMERO WOLNITZKY,IQUIQUE,IQUIQUE,97,37
193M,1,230,119,51.74,INSTITUTO COMERCIAL DE IQUIQUE BALDOMERO WOLNITZKY,IQUIQUE,IQUIQUE,91,28
194M,1,233,125,53.65,INSTITUTO COMERCIAL DE IQUIQUE BALDOMERO WOLNITZKY,IQUIQUE,IQUIQUE,88,35
195M,1,233,114,48.93,INSTITUTO COMERCIAL DE IQUIQUE BALDOMERO WOLNITZKY,IQUIQUE,IQUIQUE,88,25
196M,1,239,124,51.88,INSTITUTO COMERCIAL DE IQUIQUE BALDOMERO WOLNITZKY,IQUIQUE,IQUIQUE,88,36
197M,1,248,127,51.21,INSTITUTO COMERCIAL DE IQUIQUE BALDOMERO WOLNITZKY,IQUIQUE,IQUIQUE,101,26
198M-258,1,449,203,45.21,INSTITUTO COMERCIAL DE IQUIQUE BALDOMERO WOLNITZKY,IQUIQUE,IQUIQUE,155,48
243,1,265,108,40.75,LICEO ATENEA,IQUIQUE,IQUIQUE,94,14
244,1,293,102,34.81,LICEO ATENEA,IQUIQUE,IQUIQUE,84,16
245,1,246,87,35.37,LICEO ATENEA,IQUIQUE,IQUIQUE,76,11
246,1,308,96,31.17,LICEO ATENEA,IQUIQUE,IQUIQUE,81,13
247,1,289,89,30.8,LICEO ATENEA,IQUIQUE,IQUIQUE,75,14
248,1,289,75,25.95,LICEO ATENEA,IQUIQUE,IQUIQUE,64,10
249,1,313,78,24.92,LICEO ATENEA,IQUIQUE,IQUIQUE,60,18
250,1,285,50,17.54,LICEO ATENEA,IQUIQUE,IQUIQUE,41,9
251,1,234,106,45.3,LICEO ATENEA,IQUIQUE,IQUIQUE,83,23
252,1,239,104,43.51,LICEO ATENEA,IQUIQUE,IQUIQUE,88,15
253,1,231,101,43.72,LICEO ATENEA,IQUIQUE,IQUIQUE,81,20
254,1,229,98,42.79,LICEO ATENEA,IQUIQUE,IQUIQUE,67,31
255,1,238,86,36.13,LICEO ATENEA,IQUIQUE,IQUIQUE,63,22
256,1,228,85,37.28,LICEO ATENEA,IQUIQUE,IQUIQUE,64,20
257,1,257,103,40.08,LICEO ATENEA,IQUIQUE,IQUIQUE,78,25
259,1,234,100,42.74,LICEO ATENEA,IQUIQUE,IQUIQUE,76,24
260,1,238,77,32.35,LICEO ATENEA,IQUIQUE,IQUIQUE,56,21
261,1,231,91,39.39,LICEO ATENEA,IQUIQUE,IQUIQUE,72,19
263,1,237,92,38.82,LICEO ATENEA,IQUIQUE,IQUIQUE,70,22
264,1,235,131,55.74,LICEO ATENEA,IQUIQUE,IQUIQUE,112,19
118M,1,256,135,52.73,LICEO BICENTENARIO SANTA MARIA,IQUIQUE,IQUIQUE,105,30
119M,1,245,109,44.49,LICEO BICENTENARIO SANTA MARIA,IQUIQUE,IQUIQUE,87,21
120M,1,256,136,53.12,LICEO BICENTENARIO SANTA MARIA,IQUIQUE,IQUIQUE,108,27
121M,1,244,136,55.74,LICEO BICENTENARIO SANTA MARIA,IQUIQUE,IQUIQUE,116,20
122M,1,252,145,57.54,LICEO BICENTENARIO SANTA MARIA,IQUIQUE,IQUIQUE,110,34
123M,1,261,147,56.32,LICEO BICENTENARIO SANTA MARIA,IQUIQUE,IQUIQUE,117,29
124M,1,250,126,50.4,LICEO BICENTENARIO SANTA MARIA,IQUIQUE,IQUIQUE,80,46
125M,1,244,112,45.9,LICEO BICENTENARIO SANTA MARIA,IQUIQUE,IQUIQUE,90,22
126M-202M,1,450,231,51.33,LICEO BICENTENARIO SANTA MARIA,IQUIQUE,IQUIQUE,181,48
127M,1,243,135,55.56,LICEO BICENTENARIO SANTA MARIA,IQUIQUE,IQUIQUE,104,29
128M,1,242,124,51.24,LICEO BICENTENARIO SANTA MARIA,IQUIQUE,IQUIQUE,101,23
129M,1,265,137,51.7,LICEO BICENTENARIO SANTA MARIA,IQUIQUE,IQUIQUE,107,30
130M,1,258,132,51.16,LICEO BICENTENARIO SANTA MARIA,IQUIQUE,IQUIQUE,108,24
131M,1,247,117,47.37,LICEO BICENTENARIO SANTA MARIA,IQUIQUE,IQUIQUE,90,27
132M,1,248,122,49.19,LICEO BICENTENARIO SANTA MARIA,IQUIQUE,IQUIQUE,101,21
133M,1,244,119,48.77,LICEO BICENTENARIO SANTA MARIA,IQUIQUE,IQUIQUE,96,23
134M-207M,1,448,230,51.34,LICEO BICENTENARIO SANTA MARIA,IQUIQUE,IQUIQUE,170,60
135M,1,252,136,53.97,LICEO BICENTENARIO SANTA MARIA,IQUIQUE,IQUIQUE,111,25
136M,1,248,141,56.85,LICEO BICENTENARIO SANTA MARIA,IQUIQUE,IQUIQUE,117,24
137M,1,245,127,51.84,LICEO BICENTENARIO SANTA MARIA,IQUIQUE,IQUIQUE,97,29
70V,1,254,118,46.46,LICEO COLEGIO DEPORTIVO,IQUIQUE,IQUIQUE,94,23
71V,1,261,124,47.51,LICEO COLEGIO DEPORTIVO,IQUIQUE,IQUIQUE,102,20
72V,1,261,131,50.19,LICEO COLEGIO DEPORTIVO,IQUIQUE,IQUIQUE,108,23
73V,1,248,116,46.77,LICEO COLEGIO DEPORTIVO,IQUIQUE,IQUIQUE,90,25
74V,1,263,107,40.68,LICEO COLEGIO DEPORTIVO,IQUIQUE,IQUIQUE,92,15
75V,1,270,147,54.44,LICEO COLEGIO DEPORTIVO,IQUIQUE,IQUIQUE,124,23
76V,1,271,126,46.49,LICEO COLEGIO DEPORTIVO,IQUIQUE,IQUIQUE,101,25
77V,1,270,144,53.33,LICEO COLEGIO DEPORTIVO,IQUIQUE,IQUIQUE,113,31
78V,1,262,138,52.67,LICEO COLEGIO DEPORTIVO,IQUIQUE,IQUIQUE,110,27
79V,1,250,121,48.4,LICEO COLEGIO DEPORTIVO,IQUIQUE,IQUIQUE,92,28
80V,1,270,127,47.04,LICEO COLEGIO DEPORTIVO,IQUIQUE,IQUIQUE,99,27
81V,1,263,150,57.03,LICEO COLEGIO DEPORTIVO,IQUIQUE,IQUIQUE,119,31
82V,1,245,133,54.29,LICEO COLEGIO DEPORTIVO,IQUIQUE,IQUIQUE,115,18
83V,1,250,144,57.6,LICEO COLEGIO DEPORTIVO,IQUIQUE,IQUIQUE,114,30
84V,1,247,122,49.39,LICEO COLEGIO DEPORTIVO,IQUIQUE,IQUIQUE,96,22
85V,1,259,135,52.12,LICEO COLEGIO DEPORTIVO,IQUIQUE,IQUIQUE,108,27
199M,1,250,135,54.0,LICEO ELENA DUVAUCHELLE CABEZON,IQUIQUE,IQUIQUE,102,31
200M,1,228,107,46.93,LICEO ELENA DUVAUCHELLE CABEZON,IQUIQUE,IQUIQUE,83,24
203M-215V,1,450,252,56.0,LICEO ELENA DUVAUCHELLE CABEZON,IQUIQUE,IQUIQUE,194,55
204M,1,228,133,58.33,LICEO ELENA DUVAUCHELLE CABEZON,IQUIQUE,IQUIQUE,106,27
205M,1,235,138,58.72,LICEO ELENA DUVAUCHELLE CABEZON,IQUIQUE,IQUIQUE,96,42
206M,1,237,122,51.48,LICEO ELENA DUVAUCHELLE CABEZON,IQUIQUE,IQUIQUE,93,28
208M,1,253,146,57.71,LICEO ELENA DUVAUCHELLE CABEZON,IQUIQUE,IQUIQUE,123,23
209M,1,249,91,36.55,LICEO ELENA DUVAUCHELLE CABEZON,IQUIQUE,IQUIQUE,73,18
1V,1,281,56,19.93,LICEO ELENA DUVAUCHELLE CABEZON,IQUIQUE,IQUIQUE,36,20
2V,1,280,70,25.0,LICEO ELENA DUVAUCHELLE CABEZON,IQUIQUE,IQUIQUE,54,16
3V,1,297,79,26.6,LICEO ELENA DUVAUCHELLE CABEZON,IQUIQUE,IQUIQUE,59,19
4V,1,279,85,30.47,LICEO ELENA DUVAUCHELLE CABEZON,IQUIQUE,IQUIQUE,55,29
5V,1,267,90,33.71,LICEO ELENA DUVAUCHELLE CABEZON,IQUIQUE,IQUIQUE,68,22
6V,1,269,93,34.57,LICEO ELENA DUVAUCHELLE CABEZON,IQUIQUE,IQUIQUE,70,23
7V,1,269,93,34.57,LICEO ELENA DUVAUCHELLE CABEZON,IQUIQUE,IQUIQUE,75,17
8V,1,251,105,41.83,LICEO ELENA DUVAUCHELLE CABEZON,IQUIQUE,IQUIQUE,80,24
9V,1,257,90,35.02,LICEO ELENA DUVAUCHELLE CABEZON,IQUIQUE,IQUIQUE,69,20
10V,1,254,91,35.83,LICEO ELENA DUVAUCHELLE CABEZON,IQUIQUE,IQUIQUE,74,16
1M-265,1,439,158,35.99,LICEO LUIS CRUZ MARTINEZ,IQUIQUE,IQUIQUE,110,48
2M,1,277,79,28.52,LICEO LUIS CRUZ MARTINEZ,IQUIQUE,IQUIQUE,58,21
3M,1,262,70,26.72,LICEO LUIS CRUZ MARTINEZ,IQUIQUE,IQUIQUE,50,20
4M,1,266,83,31.2,LICEO LUIS CRUZ MARTINEZ,IQUIQUE,IQUIQUE,13,64
5M,1,266,81,30.45,LICEO LUIS CRUZ MARTINEZ,IQUIQUE,IQUIQUE,58,23
6M,1,252,90,35.71,LICEO LUIS CRUZ MARTINEZ,IQUIQUE,IQUIQUE,69,21
7M,1,268,89,33.21,LICEO LUIS CRUZ MARTINEZ,IQUIQUE,IQUIQUE,69,20
8M,1,262,88,33.59,LICEO LUIS CRUZ MARTINEZ,IQUIQUE,IQUIQUE,60,28
9M,1,273,93,34.07,LICEO LUIS CRUZ MARTINEZ,IQUIQUE,IQUIQUE,68,25
10M-179V,1,449,178,39.64,LICEO LUIS CRUZ MARTINEZ,IQUIQUE,IQUIQUE,127,51
11M,1,264,88,33.33,LICEO LUIS CRUZ MARTINEZ,IQUIQUE,IQUIQUE,66,22
12M,1,273,108,39.56,LICEO LUIS CRUZ MARTINEZ,IQUIQUE,IQUIQUE,76,32
13M,1,263,100,38.02,LICEO LUIS CRUZ MARTINEZ,IQUIQUE,IQUIQUE,73,27
14M,1,271,107,39.48,LICEO LUIS CRUZ MARTINEZ,IQUIQUE,IQUIQUE,82,25
15M,1,259,95,36.68,LICEO LUIS CRUZ MARTINEZ,IQUIQUE,IQUIQUE,69,24
16M,1,269,89,33.09,LICEO LUIS CRUZ MARTINEZ,IQUIQUE,IQUIQUE,65,23
17M,1,270,102,37.78,LICEO LUIS CRUZ MARTINEZ,IQUIQUE,IQUIQUE,80,22
18M,1,279,120,43.01,LICEO LUIS CRUZ MARTINEZ,IQUIQUE,IQUIQUE,97,22
19M,1,275,101,36.73,LICEO LUIS CRUZ MARTINEZ,IQUIQUE,IQUIQUE,69,31
20M,1,273,111,40.66,LICEO LUIS CRUZ MARTINEZ,IQUIQUE,IQUIQUE,85,25
182V,1,248,124,50.0,LICEO MARIA AUXILIADORA,IQUIQUE,IQUIQUE,102,22
183V,1,254,112,44.09,LICEO MARIA AUXILIADORA,IQUIQUE,IQUIQUE,87,24
184V,1,245,84,34.29,LICEO MARIA AUXILIADORA,IQUIQUE,IQUIQUE,58,25
185V,1,236,89,37.71,LICEO MARIA AUXILIADORA,IQUIQUE,IQUIQUE,67,21
186V,1,246,100,40.65,LICEO MARIA AUXILIADORA,IQUIQUE,IQUIQUE,70,29
187V,1,233,112,48.07,LICEO MARIA AUXILIADORA,IQUIQUE,IQUIQUE,78,34
188V,1,242,124,51.24,LICEO MARIA AUXILIADORA,IQUIQUE,IQUIQUE,94,27
189V,1,239,125,52.3,LICEO MARIA AUXILIADORA,IQUIQUE,IQUIQUE,86,38
190V,1,252,112,44.44,LICEO MARIA AUXILIADORA,IQUIQUE,IQUIQUE,71,41
191V,1,239,128,53.56,LICEO MARIA AUXILIADORA,IQUIQUE,IQUIQUE,91,37
192V,1,256,85,33.2,LICEO MARIA AUXILIADORA,IQUIQUE,IQUIQUE,57,28
193V,1,236,101,42.8,LICEO MARIA AUXILIADORA,IQUIQUE,IQUIQUE,66,35
194V,1,260,113,43.46,LICEO MARIA AUXILIADORA,IQUIQUE,IQUIQUE,73,39
195V,1,250,119,47.6,LICEO MARIA AUXILIADORA,IQUIQUE,IQUIQUE,80,37
196V,1,257,123,47.86,LICEO MARIA AUXILIADORA,IQUIQUE,IQUIQUE,95,28
197V,1,261,115,44.06,LICEO MARIA AUXILIADORA,IQUIQUE,IQUIQUE,100,14
198V,1,239,112,46.86,LICEO MARIA AUXILIADORA,IQUIQUE,IQUIQUE,91,21
199V,1,254,137,53.94,LICEO MARIA AUXILIADORA,IQUIQUE,IQUIQUE,110,27
200V,1,248,112,45.16,LICEO MARIA AUXILIADORA,IQUIQUE,IQUIQUE,94,17
201V,1,251,131,52.19,LICEO MARIA AUXILIADORA,IQUIQUE,IQUIQUE,98,32
138M,1,250,122,48.8,LICEO POLITECNICO JOSE GUTIERREZ DE LA FUENTE,IQUIQUE,IQUIQUE,93,29
139M-183M,1,450,224,49.78,LICEO POLITECNICO JOSE GUTIERREZ DE LA FUENTE,IQUIQUE,IQUIQUE,184,39
140M,1,248,129,52.02,LICEO POLITECNICO JOSE GUTIERREZ DE LA FUENTE,IQUIQUE,IQUIQUE,103,26
141M,1,243,96,39.51,LICEO POLITECNICO JOSE GUTIERREZ DE LA FUENTE,IQUIQUE,IQUIQUE,79,17
142M,1,251,119,47.41,LICEO POLITECNICO JOSE GUTIERREZ DE LA FUENTE,IQUIQUE,IQUIQUE,91,28
143M,1,243,126,51.85,LICEO POLITECNICO JOSE GUTIERREZ DE LA FUENTE,IQUIQUE,IQUIQUE,109,17
144M,1,258,130,50.39,LICEO POLITECNICO JOSE GUTIERREZ DE LA FUENTE,IQUIQUE,IQUIQUE,103,26
145M-201M,1,450,212,47.11,LICEO POLITECNICO JOSE GUTIERREZ DE LA FUENTE,IQUIQUE,IQUIQUE,160,51
146M,1,247,143,57.89,LICEO POLITECNICO JOSE GUTIERREZ DE LA FUENTE,IQUIQUE,IQUIQUE,104,39
147M,1,248,123,49.6,LICEO POLITECNICO JOSE GUTIERREZ DE LA FUENTE,IQUIQUE,IQUIQUE,99,17
148M,1,243,130,53.5,LICEO POLITECNICO JOSE GUTIERREZ DE LA FUENTE,IQUIQUE,IQUIQUE,95,33
149M,1,240,104,43.33,LICEO POLITECNICO JOSE GUTIERREZ DE LA FUENTE,IQUIQUE,IQUIQUE,82,22
150M,1,240,123,51.25,LICEO POLITECNICO JOSE GUTIERREZ DE LA FUENTE,IQUIQUE,IQUIQUE,96,26
151M,1,247,113,45.75,LICEO POLITECNICO JOSE GUTIERREZ DE LA FUENTE,IQUIQUE,IQUIQUE,85,27
152M,1,260,131,50.38,LICEO POLITECNICO JOSE GUTIERREZ DE LA FUENTE,IQUIQUE,IQUIQUE,98,31
153M-227V,1,446,209,46.86,LICEO POLITECNICO JOSE GUTIERREZ DE LA FUENTE,IQUIQUE,IQUIQUE,165,44
154M,1,234,121,51.71,LICEO POLITECNICO JOSE GUTIERREZ DE LA FUENTE,IQUIQUE,IQUIQUE,97,24
155M,1,233,112,48.07,LICEO POLITECNICO JOSE GUTIERREZ DE LA FUENTE,IQUIQUE,IQUIQUE,88,24
156M,1,240,107,44.58,LICEO POLITECNICO JOSE GUTIERREZ DE LA FUENTE,IQUIQUE,IQUIQUE,86,20
157M,1,239,114,47.7,LICEO POLITECNICO JOSE GUTIERREZ DE LA FUENTE,IQUIQUE,IQUIQUE,88,26
101,1,342,190,55.56,COLEGIO ANTAMARA,IQUIQUE,IQUIQUE SUR,194,41
102,1,343,168,48.98,COLEGIO ANTAMARA,IQUIQUE,IQUIQUE SUR,194,41
103,1,343,201,58.6,COLEGIO ANTAMARA,IQUIQUE,IQUIQUE SUR,124,74
104,1,347,179,51.59,COLEGIO ANTAMARA,IQUIQUE,IQUIQUE SUR,133,52
105,1,346,186,53.76,COLEGIO ANTAMARA,IQUIQUE,IQUIQUE SUR,151,42
106,1,343,188,54.81,COLEGIO ANTAMARA,IQUIQUE,IQUIQUE SUR,129,38
107,1,344,184,53.49,COLEGIO ANTAMARA,IQUIQUE,IQUIQUE SUR,134,54
108,1,340,187,55.0,COLEGIO ANTAMARA,IQUIQUE,IQUIQUE SUR,131,50
109,1,345,196,56.81,COLEGIO ANTAMARA,IQUIQUE,IQUIQUE SUR,133,55
110,1,336,173,51.49,COLEGIO ANTAMARA,IQUIQUE,IQUIQUE SUR,130,41
111,1,340,187,55.0,COLEGIO ANTAMARA,IQUIQUE,IQUIQUE SUR,135,52
112,1,341,193,56.6,COLEGIO ANTAMARA,IQUIQUE,IQUIQUE SUR,129,52
51,1,342,177,51.75,COLEGIO BAJO MOLLE,IQUIQUE,IQUIQUE SUR,132,43
52,1,342,180,52.63,COLEGIO BAJO MOLLE,IQUIQUE,IQUIQUE SUR,127,53
53,1,346,0,0.0,COLEGIO BAJO MOLLE,IQUIQUE,IQUIQUE SUR,133,53
54,1,345,210,60.87,COLEGIO BAJO MOLLE,IQUIQUE,IQUIQUE SUR,155,55
55,1,349,199,57.02,COLEGIO BAJO MOLLE,IQUIQUE,IQUIQUE SUR,147,52
56,1,344,171,49.71,COLEGIO BAJO MOLLE,IQUIQUE,IQUIQUE SUR,128,43
57,1,343,191,55.69,COLEGIO BAJO MOLLE,IQUIQUE,IQUIQUE SUR,134,57
58,1,342,193,56.43,COLEGIO BAJO MOLLE,IQUIQUE,IQUIQUE SUR,134,57
59,1,343,0,0.0,COLEGIO BAJO MOLLE,IQUIQUE,IQUIQUE SUR,132,47
60,1,341,193,56.6,COLEGIO BAJO MOLLE,IQUIQUE,IQUIQUE SUR,143,50
61,1,342,193,56.43,COLEGIO BAJO MOLLE,IQUIQUE,IQUIQUE SUR,156,35
62,1,344,185,53.78,COLEGIO BAJO MOLLE,IQUIQUE,IQUIQUE SUR,145,39
63,1,341,172,50.44,COLEGIO BAJO MOLLE,IQUIQUE,IQUIQUE SUR,125,44
39,1,346,192,55.49,COLEGIO ESPANA,IQUIQUE,IQUIQUE SUR,150,41
40,1,344,181,52.62,COLEGIO ESPANA,IQUIQUE,IQUIQUE SUR,142,39
41,1,346,189,54.62,COLEGIO ESPANA,IQUIQUE,IQUIQUE SUR,145,44
42,1,343,160,46.65,COLEGIO ESPANA,IQUIQUE,IQUIQUE SUR,122,38
43,1,347,196,56.48,COLEGIO ESPANA,IQUIQUE,IQUIQUE SUR,140,55
44,1,345,187,54.2,COLEGIO ESPANA,IQUIQUE,IQUIQUE SUR,138,48
45,1,341,170,49.85,COLEGIO ESPANA,IQUIQUE,IQUIQUE SUR,127,43
46,1,345,176,51.01,COLEGIO ESPANA,IQUIQUE,IQUIQUE SUR,140,36
47,1,342,192,56.14,COLEGIO ESPANA,IQUIQUE,IQUIQUE SUR,142,49
48,1,344,199,57.85,COLEGIO ESPANA,IQUIQUE,IQUIQUE SUR,153,46
49,1,344,186,54.07,COLEGIO ESPANA,IQUIQUE,IQUIQUE SUR,142,44
50,1,344,181,52.62,COLEGIO ESPANA,IQUIQUE,IQUIQUE SUR,139,42
76,1,340,185,54.41,COLEGIO HISPANO BRITANICO IQUIQUE,IQUIQUE,IQUIQUE SUR,144,41
77,1,340,188,55.29,COLEGIO HISPANO BRITANICO IQUIQUE,IQUIQUE,IQUIQUE SUR,137,51
78,1,343,167,48.69,COLEGIO HISPANO BRITANICO IQUIQUE,IQUIQUE,IQUIQUE SUR,130,37
79,1,342,189,55.26,COLEGIO HISPANO BRITANICO IQUIQUE,IQUIQUE,IQUIQUE SUR,132,56
80,1,345,196,56.81,COLEGIO HISPANO BRITANICO IQUIQUE,IQUIQUE,IQUIQUE SUR,144,52
81,1,339,183,53.98,COLEGIO HISPANO BRITANICO IQUIQUE,IQUIQUE,IQUIQUE SUR,129,54
82,1,345,190,55.07,COLEGIO HISPANO BRITANICO IQUIQUE,IQUIQUE,IQUIQUE SUR,139,51
83,1,345,182,52.75,COLEGIO HISPANO BRITANICO IQUIQUE,IQUIQUE,IQUIQUE SUR,141,40
84,1,338,194,57.4,COLEGIO HISPANO BRITANICO IQUIQUE,IQUIQUE,IQUIQUE SUR,137,56
85,1,341,181,53.08,COLEGIO HISPANO BRITANICO IQUIQUE,IQUIQUE,IQUIQUE SUR,132,49
86,1,339,199,58.7,COLEGIO HISPANO BRITANICO IQUIQUE,IQUIQUE,IQUIQUE SUR,150,49
87,1,340,176,51.76,COLEGIO HISPANO BRITANICO IQUIQUE,IQUIQUE,IQUIQUE SUR,129,45
88,1,342,201,58.77,COLEGIO HISPANO BRITANICO IQUIQUE,IQUIQUE,IQUIQUE SUR,150,50
64,1,337,180,53.41,COLEGIO HUMBERSTONE,IQUIQUE,IQUIQUE SUR,124,56
65,1,344,191,55.52,COLEGIO HUMBERSTONE,IQUIQUE,IQUIQUE SUR,152,38
66,1,342,191,55.85,COLEGIO HUMBERSTONE,IQUIQUE,IQUIQUE SUR,140,51
67,1,341,186,54.55,COLEGIO HUMBERSTONE,IQUIQUE,IQUIQUE SUR,143,41
68,1,345,202,58.55,COLEGIO HUMBERSTONE,IQUIQUE,IQUIQUE SUR,149,53
69,1,343,205,59.77,COLEGIO HUMBERSTONE,IQUIQUE,IQUIQUE SUR,156,49
70,1,345,193,55.94,COLEGIO HUMBERSTONE,IQUIQUE,IQUIQUE SUR,143,50
71,1,341,178,52.2,COLEGIO HUMBERSTONE,IQUIQUE,IQUIQUE SUR,128,50
72,1,343,178,51.9,COLEGIO HUMBERSTONE,IQUIQUE,IQUIQUE SUR,143,34
73,1,343,185,53.94,COLEGIO HUMBERSTONE,IQUIQUE,IQUIQUE SUR,135,48
74,1,343,185,53.94,COLEGIO HUMBERSTONE,IQUIQUE,IQUIQUE SUR,128,57
75,1,343,179,52.19,COLEGIO HUMBERSTONE,IQUIQUE,IQUIQUE SUR,126,53
89,1,339,187,55.16,COLEGIO MAHATMA GANDHI,IQUIQUE,IQUIQUE SUR,143,42
90,1,339,184,54.28,COLEGIO MAHATMA GANDHI,IQUIQUE,IQUIQUE SUR,144,40
91,1,340,174,51.18,COLEGIO MAHATMA GANDHI,IQUIQUE,IQUIQUE SUR,125,47
92,1,342,177,51.75,COLEGIO MAHATMA GANDHI,IQUIQUE,IQUIQUE SUR,136,41
93,1,344,192,55.81,COLEGIO MAHATMA GANDHI,IQUIQUE,IQUIQUE SUR,147,45
94,1,341,175,51.32,COLEGIO MAHATMA GANDHI,IQUIQUE,IQUIQUE SUR,135,40
95,1,339,161,47.49,COLEGIO MAHATMA GANDHI,IQUIQUE,IQUIQUE SUR,115,46
96,1,336,180,53.57,COLEGIO MAHATMA GANDHI,IQUIQUE,IQUIQUE SUR,143,37
97,1,344,191,55.52,COLEGIO MAHATMA GANDHI,IQUIQUE,IQUIQUE SUR,143,48
98,1,342,177,51.75,COLEGIO MAHATMA GANDHI,IQUIQUE,IQUIQUE SUR,121,55
99,1,341,167,48.97,COLEGIO MAHATMA GANDHI,IQUIQUE,IQUIQUE SUR,128,39
100,1,339,182,53.69,COLEGIO MAHATMA GANDHI,IQUIQUE,IQUIQUE SUR,133,49
125,1,346,191,55.2,COSTA COLLEGE,IQUIQUE,IQUIQUE SUR,138,53
126,1,346,179,51.73,COSTA COLLEGE,IQUIQUE,IQUIQUE SUR,127,52
127,1,333,209,62.76,COSTA COLLEGE,IQUIQUE,IQUIQUE SUR,159,50
128,1,344,190,55.23,COSTA COLLEGE,IQUIQUE,IQUIQUE SUR,143,47
129,1,344,174,50.58,COSTA COLLEGE,IQUIQUE,IQUIQUE SUR,119,55
130,1,344,189,54.94,COSTA COLLEGE,IQUIQUE,IQUIQUE SUR,133,56
131,1,349,163,46.7,COSTA COLLEGE,IQUIQUE,IQUIQUE SUR,122,41
132,1,347,227,65.42,COSTA COLLEGE,IQUIQUE,IQUIQUE SUR,178,48
133,1,349,184,52.72,COSTA COLLEGE,IQUIQUE,IQUIQUE SUR,141,43
134,1,348,210,60.34,COSTA COLLEGE,IQUIQUE,IQUIQUE SUR,149,61
135,1,343,287,83.67,COSTA COLLEGE,IQUIQUE,IQUIQUE SUR,200,87
136,1,178,115,64.61,COSTA COLLEGE,IQUIQUE,IQUIQUE SUR,75,40
27,1,344,176,51.16,ESCUELA CHIPANA,IQUIQUE,IQUIQUE SUR,131,45
28,1,342,182,53.22,ESCUELA CHIPANA,IQUIQUE,IQUIQUE SUR,41,141
29,1,344,186,54.07,ESCUELA CHIPANA,IQUIQUE,IQUIQUE SUR,131,54
30,1,344,187,54.36,ESCUELA CHIPANA,IQUIQUE,IQUIQUE SUR,141,45
31,1,346,198,57.23,ESCUELA CHIPANA,IQUIQUE,IQUIQUE SUR,138,60
32,1,344,190,55.23,ESCUELA CHIPANA,IQUIQUE,IQUIQUE SUR,145,44
33,1,346,194,56.07,ESCUELA CHIPANA,IQUIQUE,IQUIQUE SUR,143,51
34,1,341,167,48.97,ESCUELA CHIPANA,IQUIQUE,IQUIQUE SUR,110,57
35,1,345,175,50.72,ESCUELA CHIPANA,IQUIQUE,IQUIQUE SUR,131,44
36,1,339,196,57.82,ESCUELA CHIPANA,IQUIQUE,IQUIQUE SUR,143,52
37,1,341,198,58.06,ESCUELA CHIPANA,IQUIQUE,IQUIQUE SUR,147,50
38,1,344,179,52.03,ESCUELA CHIPANA,IQUIQUE,IQUIQUE SUR,135,43
14,1,344,191,55.52,ESCUELA PROFESOR MANUEL CASTRO RAMOS,IQUIQUE,IQUIQUE SUR,142,48
15,1,339,192,56.64,ESCUELA PROFESOR MANUEL CASTRO RAMOS,IQUIQUE,IQUIQUE SUR,138,52
16,1,342,177,51.75,ESCUELA PROFESOR MANUEL CASTRO RAMOS,IQUIQUE,IQUIQUE SUR,137,40
17,1,344,192,55.81,ESCUELA PROFESOR MANUEL CASTRO RAMOS,IQUIQUE,IQUIQUE SUR,136,56
18,1,339,186,54.87,ESCUELA PROFESOR MANUEL CASTRO RAMOS,IQUIQUE,IQUIQUE SUR,133,52
19,1,340,186,54.71,ESCUELA PROFESOR MANUEL CASTRO RAMOS,IQUIQUE,IQUIQUE SUR,125,59
20,1,344,187,54.36,ESCUELA PROFESOR MANUEL CASTRO RAMOS,IQUIQUE,IQUIQUE SUR,132,53
21,1,342,181,52.92,ESCUELA PROFESOR MANUEL CASTRO RAMOS,IQUIQUE,IQUIQUE SUR,136,45
22,1,343,190,55.39,ESCUELA PROFESOR MANUEL CASTRO RAMOS,IQUIQUE,IQUIQUE SUR,131,59
23,1,341,184,53.96,ESCUELA PROFESOR MANUEL CASTRO RAMOS,IQUIQUE,IQUIQUE SUR,126,57
24,1,343,201,58.6,ESCUELA PROFESOR MANUEL CASTRO RAMOS,IQUIQUE,IQUIQUE SUR,151,50
25,1,345,182,52.75,ESCUELA PROFESOR MANUEL CASTRO RAMOS,IQUIQUE,IQUIQUE SUR,143,39
26,1,340,189,55.59,ESCUELA PROFESOR MANUEL CASTRO RAMOS,IQUIQUE,IQUIQUE SUR,141,47
113,1,343,194,56.56,LICEO SAMCA ARUMANTI,IQUIQUE,IQUIQUE SUR,138,56
114,1,345,185,53.62,LICEO SAMCA ARUMANTI,IQUIQUE,IQUIQUE SUR,141,44
115,1,339,196,57.82,LICEO SAMCA ARUMANTI,IQUIQUE,IQUIQUE SUR,154,41
116,1,345,179,51.88,LICEO SAMCA ARUMANTI,IQUIQUE,IQUIQUE SUR,136,43
117,1,342,160,46.78,LICEO SAMCA ARUMANTI,IQUIQUE,IQUIQUE SUR,127,32
118,1,342,191,55.85,LICEO SAMCA ARUMANTI,IQUIQUE,IQUIQUE SUR,143,47
119,1,344,192,55.81,LICEO SAMCA ARUMANTI,IQUIQUE,IQUIQUE SUR,147,44
120,1,337,171,50.74,LICEO SAMCA ARUMANTI,IQUIQUE,IQUIQUE SUR,119,51
121,1,340,187,55.0,LICEO SAMCA ARUMANTI,IQUIQUE,IQUIQUE SUR,147,40
122,1,346,177,51.16,LICEO SAMCA ARUMANTI,IQUIQUE,IQUIQUE SUR,127,49
123,1,346,197,56.94,LICEO SAMCA ARUMANTI,IQUIQUE,IQUIQUE SUR,149,48
124,1,342,180,52.63,LICEO SAMCA ARUMANTI,IQUIQUE,IQUIQUE SUR,126,53
1,1,350,235,67.14,UNIVERSIDAD ARTURO PRAT,IQUIQUE,IQUIQUE SUR,194,41
2,1,346,200,57.8,UNIVERSIDAD ARTURO PRAT,IQUIQUE,IQUIQUE SUR,124,74
3,1,343,167,48.69,UNIVERSIDAD ARTURO PRAT,IQUIQUE,IQUIQUE SUR,119,48
4,1,344,186,54.07,UNIVERSIDAD ARTURO PRAT,IQUIQUE,IQUIQUE SUR,133,52
5,1,346,193,55.78,UNIVERSIDAD ARTURO PRAT,IQUIQUE,IQUIQUE SUR,151,42
6,1,343,167,48.69,UNIVERSIDAD ARTURO PRAT,IQUIQUE,IQUIQUE SUR,129,38
7,1,347,189,54.47,UNIVERSIDAD ARTURO PRAT,IQUIQUE,IQUIQUE SUR,134,54
8,1,343,181,52.77,UNIVERSIDAD ARTURO PRAT,IQUIQUE,IQUIQUE SUR,131,50
9,1,344,189,54.94,UNIVERSIDAD ARTURO PRAT,IQUIQUE,IQUIQUE SUR,133,55
10,1,342,171,50.0,UNIVERSIDAD ARTURO PRAT,IQUIQUE,IQUIQUE SUR,130,41
11,1,342,188,54.97,UNIVERSIDAD ARTURO PRAT,IQUIQUE,IQUIQUE SUR,135,52
12,1,344,181,52.62,UNIVERSIDAD ARTURO PRAT,IQUIQUE,IQUIQUE SUR,129,52
13,1,343,186,54.23,UNIVERSIDAD ARTURO PRAT,IQUIQUE,IQUIQUE SUR,137,47
1M,1,313,118,37.7,ESCUELA SAN ANDRES DE PICA,PICA,PICA,79,36
2M,1,306,146,47.71,ESCUELA SAN ANDRES DE PICA,PICA,PICA,113,29
3M,1,280,118,42.14,ESCUELA SAN ANDRES DE PICA,PICA,PICA,85,33
4M,1,299,127,42.47,ESCUELA SAN ANDRES DE PICA,PICA,PICA,100,27
5M,1,272,141,51.84,ESCUELA SAN ANDRES DE PICA,PICA,PICA,100,39
6M,1,282,137,48.58,ESCUELA SAN ANDRES DE PICA,PICA,PICA,104,32
7M-8M,1,381,171,44.88,ESCUELA SAN ANDRES DE PICA,PICA,PICA,128,43
9M-11V,1,445,223,50.11,ESCUELA SAN ANDRES DE PICA,PICA,PICA,150,71
10M-3V,1,436,201,46.1,ESCUELA SAN ANDRES DE PICA,PICA,PICA,157,44
1V,1,317,120,37.85,LICEO PADRE ALBERTO HURTADO CRUCHAGA,PICA,PICA,88,32
2V,1,316,138,43.67,LICEO PADRE ALBERTO HURTADO CRUCHAGA,PICA,PICA,107,28
4V-12,1,431,185,42.92,LICEO PADRE ALBERTO HURTADO CRUCHAGA,PICA,PICA,117,67
5V,1,241,108,44.81,LICEO PADRE ALBERTO HURTADO CRUCHAGA,PICA,PICA,79,28
6V-8V,1,446,185,41.48,LICEO PADRE ALBERTO HURTADO CRUCHAGA,PICA,PICA,132,51
7V,1,241,100,41.49,LICEO PADRE ALBERTO HURTADO CRUCHAGA,PICA,PICA,74,25
9V,1,210,103,49.05,LICEO PADRE ALBERTO HURTADO CRUCHAGA,PICA,PICA,74,25
10V,1,244,114,46.72,LICEO PADRE ALBERTO HURTADO CRUCHAGA,PICA,PICA,83,31
1,1,341,146,42.82,ESCUELA BASICA LA TIRANA,POZO ALMONTE,LA TIRANA,118,23
2,1,301,158,52.49,ESCUELA BASICA LA TIRANA,POZO ALMONTE,LA TIRANA,128,30
3,1,309,157,50.81,ESCUELA BASICA LA TIRANA,POZO ALMONTE,LA TIRANA,137,18
4,1,309,143,46.28,ESCUELA BASICA LA TIRANA,POZO ALMONTE,LA TIRANA,117,25
5,1,303,155,51.16,ESCUELA BASICA LA TIRANA,POZO ALMONTE,LA TIRANA,122,31
1M-1V-2V,1,311,150,48.23,ESCUELA BASICA MAMINA,POZO ALMONTE,MAMI A,132,17
9V-10V,1,422,184,43.6,ACADEMIA POZO ALMONTE,POZO ALMONTE,POZO ALMONTE,64,27
11V-12V,1,434,149,34.33,ACADEMIA POZO ALMONTE,POZO ALMONTE,POZO ALMONTE,64,17
13V-14V,1,445,183,41.12,ACADEMIA POZO ALMONTE,POZO ALMONTE,POZO ALMONTE,138,34
15V-16V,1,450,165,36.67,ACADEMIA POZO ALMONTE,POZO ALMONTE,POZO ALMONTE,77,25
17V-21V,1,445,191,42.92,ACADEMIA POZO ALMONTE,POZO ALMONTE,POZO ALMONTE,78,26
18V-24V,1,446,139,31.17,ACADEMIA POZO ALMONTE,POZO ALMONTE,POZO ALMONTE,95,24
19V,1,244,72,29.51,ACADEMIA POZO ALMONTE,POZO ALMONTE,POZO ALMONTE,74,27
20V,1,234,64,27.35,ACADEMIA POZO ALMONTE,POZO ALMONTE,POZO ALMONTE,86,34
23V,1,236,108,45.76,ACADEMIA POZO ALMONTE,POZO ALMONTE,POZO ALMONTE,126,48
25V,1,258,121,46.9,ACADEMIA POZO ALMONTE,POZO ALMONTE,POZO ALMONTE,97,23
1M,1,301,92,30.56,ESCUELA BASICA POZO ALMONTE,POZO ALMONTE,POZO ALMONTE,64,27
2M,1,294,82,27.89,ESCUELA BASICA POZO ALMONTE,POZO ALMONTE,POZO ALMONTE,64,17
3M-26V,1,446,174,39.01,ESCUELA BASICA POZO ALMONTE,POZO ALMONTE,POZO ALMONTE,138,34
4M,1,285,102,35.79,ESCUELA BASICA POZO ALMONTE,POZO ALMONTE,POZO ALMONTE,77,25
5M,1,296,104,35.14,ESCUELA BASICA POZO ALMONTE,POZO ALMONTE,POZO ALMONTE,78,26
6M,1,286,122,42.66,ESCUELA BASICA POZO ALMONTE,POZO ALMONTE,POZO ALMONTE,95,24
7M,1,283,101,35.69,ESCUELA BASICA POZO ALMONTE,POZO ALMONTE,POZO ALMONTE,74,27
8M,1,298,123,41.28,ESCUELA BASICA POZO ALMONTE,POZO ALMONTE,POZO ALMONTE,86,34
9M-22V,1,437,178,40.73,ESCUELA BASICA POZO ALMONTE,POZO ALMONTE,POZO ALMONTE,126,48
10M,1,269,123,45.72,ESCUELA BASICA POZO ALMONTE,POZO ALMONTE,POZO ALMONTE,97,23
11M,1,277,137,49.46,LICEO ALCALDE SERGIO GONZALEZ GUTIERREZ,POZO ALMONTE,POZO ALMONTE,107,30
12M,1,252,116,46.03,LICEO ALCALDE SERGIO GONZALEZ GUTIERREZ,POZO ALMONTE,POZO ALMONTE,89,27
13M,1,249,115,46.18,LICEO ALCALDE SERGIO GONZALEZ GUTIERREZ,POZO ALMONTE,POZO ALMONTE,85,30
14M,1,265,128,48.3,LICEO ALCALDE SERGIO GONZALEZ GUTIERREZ,POZO ALMONTE,POZO ALMONTE,99,29
1V,1,294,81,27.55,LICEO ALCALDE SERGIO GONZALEZ GUTIERREZ,POZO ALMONTE,POZO ALMONTE,61,20
2V,1,286,125,43.71,LICEO ALCALDE SERGIO GONZALEZ GUTIERREZ,POZO ALMONTE,POZO ALMONTE,100,25
3V,1,296,111,37.5,LICEO ALCALDE SERGIO GONZALEZ GUTIERREZ,POZO ALMONTE,POZO ALMONTE,85,26
4V,1,294,144,48.98,LICEO ALCALDE SERGIO GONZALEZ GUTIERREZ,POZO ALMONTE,POZO ALMONTE,119,22
5V,1,287,130,45.3,LICEO ALCALDE SERGIO GONZALEZ GUTIERREZ,POZO ALMONTE,POZO ALMONTE,103,27
6V-8V,1,442,164,37.1,LICEO ALCALDE SERGIO GONZALEZ GUTIERREZ,POZO ALMONTE,POZO ALMONTE,124,39
7V,1,241,109,45.23,LICEO ALCALDE SERGIO GONZALEZ GUTIERREZ,POZO ALMONTE,POZO ALMONTE,74,34
